match_id,duration,start_time,kills,deaths,assists,party_size,hero,team,win,avg_win_rate_20,avg_kills_20,avg_deaths_20,avg_assists_20
2821840812,2310,1480833059,1,12,5,,Lina,radiant,False,,,,
2824453182,2048,1480932178,0,5,6,,Abaddon,dire,False,,,,
2824526113,2200,1480934869,0,10,3,,Omniknight,dire,False,,,,
3243724601,2032,1497265725,0,5,4,,Tiny,dire,False,,,,
3256887600,2263,1497761320,2,12,5,,Tiny,radiant,False,,,,
3256974808,2133,1497764422,2,7,4,,Storm Spirit,radiant,False,,,,
5346292885,2821,1586522903,1,17,12,,Lion,dire,False,,,,
5350096904,3541,1586660145,6,12,15,,Lion,dire,False,,,,
5350968552,2055,1586692922,1,8,9,,Lion,dire,False,,,,
5352586501,2408,1586758165,3,8,4,,Lion,dire,False,,,,
5352965136,4528,1586774842,2,11,31,,Vengeful Spirit,dire,False,,,,
5354998364,2738,1586860796,3,6,17,,Vengeful Spirit,dire,True,,,,
5356980795,2931,1586944737,5,9,18,,Dazzle,radiant,False,,,,
5359101099,2947,1587033904,3,5,20,,Windranger,dire,True,,,,
5359190740,2061,1587037185,0,9,5,,Windranger,dire,False,,,,
5361348263,4040,1587127114,5,10,26,,Enchantress,dire,True,,,,
5362697060,3133,1587177256,9,6,14,,Windranger,dire,True,,,,
5363682833,2820,1587215218,4,10,16,,Windranger,radiant,False,,,,
5363814142,2902,1587218367,4,1,17,,Windranger,dire,True,,,,
5365104784,1861,1587267830,4,5,2,,Windranger,dire,False,0.25,2.75,8.4,11.65
5365146890,3112,1587270014,3,10,25,,Crystal Maiden,dire,True,0.3,2.85,8.3,12.65
5365876489,3336,1587296315,2,9,16,,Omniknight,dire,False,0.3,2.95,8.5,13.15
5367962642,3074,1587383574,5,12,6,,Windranger,radiant,False,0.3,3.2,8.6,13.3
5369974610,3204,1587469893,1,9,16,,Dazzle,dire,False,0.3,3.25,8.8,13.9
5371975913,2176,1587558172,15,2,11,,Storm Spirit,dire,True,0.35,3.9,8.3,14.2
5373480629,2822,1587625752,8,11,19,,Storm Spirit,dire,False,0.35,4.2,8.5,14.95
5373858795,2331,1587642320,17,8,11,,Witch Doctor,dire,False,0.35,5.0,8.05,14.9
5373944637,2310,1587645088,8,5,21,,Witch Doctor,radiant,True,0.4,5.1,7.7,15.2
5375847983,2589,1587729467,8,7,14,,Witch Doctor,dire,True,0.45,5.45,7.65,15.45
5375967524,3323,1587733094,5,6,35,,Storm Spirit,radiant,True,0.5,5.55,7.55,17.0
5377729969,2222,1587805939,4,5,17,,Silencer,radiant,True,0.55,5.65,7.25,16.3
5379524972,2696,1587875420,7,6,36,,Tidehunter,radiant,True,0.55,5.85,7.25,17.25
5379580922,2756,1587878437,5,19,7,,Medusa,radiant,False,0.55,5.85,7.75,16.7
5380122817,4105,1587901182,9,5,29,,Storm Spirit,dire,True,0.55,6.15,7.75,17.15
5382011750,1714,1587982800,3,11,2,,Zeus,radiant,False,0.55,6.3,7.85,17.0
5382070471,2347,1587985193,0,7,17,,Mirana,radiant,True,0.55,6.05,7.7,16.55
5382159467,3093,1587988213,4,7,24,,Storm Spirit,dire,True,0.55,5.8,7.75,17.05
5384129284,2838,1588075057,7,4,8,,Storm Spirit,radiant,True,0.6,5.95,7.45,16.65
5385977226,2338,1588161348,10,9,3,,Windranger,radiant,False,0.55,6.25,7.85,15.95
5390060021,2479,1588338398,4,7,20,,Windranger,dire,True,0.6,6.25,7.95,16.85
5390160251,2092,1588341158,1,11,2,,Mirana,radiant,False,0.55,6.15,8.0,15.7
5391511348,2483,1588400742,4,12,10,,Sven,dire,False,0.55,6.25,8.15,15.4
5393353777,3013,1588473030,7,8,13,,Skywrath Mage,radiant,True,0.6,6.35,7.95,15.75
5396123030,3083,1588592231,6,5,22,,Storm Spirit,dire,True,0.65,6.6,7.75,16.05
5399982925,2061,1588766022,7,6,4,,Windranger,radiant,False,0.6,6.2,7.95,15.7
5405633118,1746,1589028650,5,0,0,,Queen of Pain,radiant,False,0.6,6.05,7.4,14.75
5405682328,2166,1589030108,2,11,4,,Death Prophet,radiant,False,0.6,5.3,7.55,14.4
5407052998,3645,1589090546,9,8,28,,Necrophos,dire,True,0.6,5.35,7.7,14.75
5407566222,3117,1589111062,7,9,7,,Storm Spirit,radiant,False,0.55,5.3,7.8,14.4
5409376531,2868,1589196180,11,16,12,,Queen of Pain,radiant,False,0.5,5.6,8.3,13.25
5409461857,2546,1589199366,9,9,12,,Windranger,radiant,True,0.5,5.85,8.5,13.0
5411062154,2953,1589279315,7,7,8,,Lion,dire,False,0.45,5.85,8.55,11.6
5411155031,2360,1589283354,11,4,19,,Windranger,radiant,True,0.5,6.15,7.8,12.2
5412855482,2801,1589368239,4,13,13,,Axe,radiant,False,0.45,5.9,8.2,11.4
5412939328,2604,1589371553,5,8,13,,Lion,radiant,True,0.5,6.0,8.05,11.95
5414649825,3724,1589455655,10,11,20,,Queen of Pain,dire,True,0.5,6.5,8.25,12.1
5420536249,2171,1589714494,3,3,12,,Windranger,radiant,True,0.5,6.45,8.05,11.5
5424261030,4309,1589886561,11,9,24,,Windranger,radiant,False,0.45,6.65,8.3,12.3
5425876595,3566,1589973429,6,10,9,,Storm Spirit,radiant,False,0.45,6.45,8.35,12.6
5427447913,3226,1590058983,12,8,21,,Mirana,dire,True,0.45,6.85,8.4,12.65
5429049713,2752,1590145258,6,9,11,,Queen of Pain,dire,False,0.45,7.1,8.3,13.1
5429119279,2987,1590148492,5,8,21,,Mirana,radiant,True,0.5,7.15,8.1,13.65
5430395882,2701,1590211595,12,7,9,,Legion Commander,radiant,True,0.5,7.4,8.05,13.45
5430515380,2008,1590217780,12,7,19,,Legion Commander,radiant,True,0.5,7.7,8.15,13.3
5430835088,2127,1590232406,12,4,24,,Legion Commander,dire,True,0.55,7.95,8.05,14.3
5430923332,2330,1590235912,0,10,8,,Legion Commander,dire,False,0.55,7.7,8.55,14.7
5432511570,2339,1590309960,7,3,20,,Windranger,radiant,True,0.6,7.95,8.15,15.5
5432735303,2816,1590319226,3,8,12,,Legion Commander,dire,False,0.55,7.65,8.15,14.7
5432829499,3086,1590322642,16,6,12,,Legion Commander,dire,False,0.55,8.1,8.0,14.95
5434461718,3625,1590403751,6,12,16,,Windranger,dire,False,0.55,7.85,7.8,15.15
5438076985,2085,1590576181,7,3,18,,Mirana,radiant,True,0.55,7.75,7.5,15.45
5440067299,2302,1590668544,0,10,6,,Rubick,radiant,False,0.55,7.4,7.65,15.35
5440159398,4499,1590671358,14,14,23,,Skywrath Mage,dire,True,0.55,7.55,8.15,15.55
5441387448,2217,1590729984,10,7,14,,Skywrath Mage,radiant,True,0.6,7.85,7.85,15.6
5443103321,2496,1590803672,7,8,7,,Skywrath Mage,dire,True,0.6,7.95,7.85,15.3
5443901122,1950,1590838692,7,3,16,,Skywrath Mage,radiant,True,0.6,7.8,7.45,15.1
5443989895,1184,1590841501,3,6,4,,Skywrath Mage,dire,True,0.6,7.8,7.6,14.7
5444045176,2629,1590843132,4,12,11,,Skywrath Mage,radiant,False,0.6,7.45,7.75,14.05
5445908699,2945,1590916174,9,5,15,,Riki,radiant,True,0.65,7.6,7.5,14.35
5446168599,2279,1590925532,5,13,8,,Skywrath Mage,radiant,False,0.6,7.25,7.75,13.7
5448068360,2788,1591011559,9,8,17,,Skywrath Mage,radiant,False,0.6,7.4,7.7,14.0
5454884740,2373,1591353089,10,5,12,,Mirana,radiant,True,0.6,7.65,7.55,13.55
5454946063,4017,1591355918,5,14,12,,Legion Commander,dire,False,0.55,7.3,7.9,13.7
5457061982,2493,1591451261,3,8,7,,Windranger,radiant,False,0.5,6.85,7.95,13.1
5458943653,3258,1591535889,7,11,23,,Nyx Assassin,radiant,True,0.5,6.6,8.3,13.05
5460229440,3255,1591604614,13,8,22,,Nyx Assassin,radiant,False,0.5,7.25,8.2,13.75
5460300196,2177,1591608289,4,5,22,,Nyx Assassin,radiant,True,0.5,7.1,8.3,13.85
5460446009,3117,1591615389,6,8,18,,Nyx Assassin,dire,True,0.55,7.25,8.3,14.15
5462159385,2549,1591705100,3,12,6,,Nyx Assassin,dire,False,0.55,6.6,8.6,13.85
5463837953,3389,1591794885,4,15,28,,Dark Willow,radiant,False,0.55,6.5,8.75,14.45
5465277184,2707,1591875439,3,9,6,,Dark Willow,dire,False,0.5,6.3,9.05,13.85
5465352960,3270,1591878561,6,11,17,,Nyx Assassin,dire,False,0.5,6.6,9.1,14.4
5466963099,2145,1591966074,5,0,15,,Mirana,radiant,True,0.5,6.15,8.4,14.0
5467034306,3434,1591968614,7,15,19,,Nyx Assassin,radiant,False,0.45,6.0,8.8,14.25
5468533089,2909,1592046805,4,13,14,,Shadow Shaman,radiant,False,0.4,5.85,9.05,14.6
5468634011,2580,1592050983,6,10,16,,Legion Commander,dire,False,0.35,5.8,9.4,14.6
5472054697,2392,1592220871,19,6,15,,Skywrath Mage,dire,True,0.35,6.6,9.4,15.15
5472130973,2962,1592224087,7,11,15,,Bloodseeker,dire,False,0.35,6.75,9.35,15.35
5473560741,2235,1592305856,5,5,27,,Legion Commander,dire,True,0.35,6.55,9.35,15.95
5473628112,3550,1592308866,7,9,21,,Legion Commander,radiant,True,0.4,6.65,9.15,16.6
5477417976,3256,1592546603,10,8,26,,Death Prophet,radiant,True,0.45,6.7,9.15,17.05
5477817366,3702,1592570204,8,12,17,,Monkey King,dire,True,0.45,6.6,9.5,17.3
5477899314,1065,1592574421,5,1,4,,Death Prophet,dire,False,0.45,6.6,8.85,16.9
5477940136,2060,1592576492,11,6,15,,Death Prophet,dire,True,0.5,7.0,8.75,17.3
5480648139,2251,1592738557,7,11,7,,Death Prophet,dire,False,0.45,7.0,8.75,16.5
5480710403,2747,1592741391,0,5,9,,Lone Druid,radiant,False,0.45,6.35,8.6,15.85
5489843278,3064,1593320986,6,15,8,,Lina,radiant,False,0.4,6.45,9.1,15.15
5490282066,2479,1593346893,1,3,6,,Monkey King,radiant,False,0.35,6.2,8.85,14.55
5490329506,2925,1593348873,9,9,27,,Monkey King,radiant,True,0.4,6.5,8.7,15.6
5491590110,2441,1593428636,0,7,14,,Monkey King,radiant,True,0.45,6.3,8.3,14.9
5491665446,4124,1593432352,13,12,23,,Death Prophet,radiant,True,0.5,6.8,8.45,15.75
5496853442,3306,1593758690,10,10,17,,Death Prophet,dire,True,0.55,7.0,8.4,15.75
5498215102,3065,1593839770,11,3,21,,Monkey King,radiant,True,0.55,7.3,8.55,16.05
5499575237,3245,1593914906,16,12,20,,Monkey King,radiant,True,0.6,7.75,8.4,16.1
5499628840,2686,1593918844,11,14,6,,Monkey King,radiant,False,0.6,8.1,8.45,15.7
5500155306,2495,1593947101,10,12,10,,Lion,radiant,False,0.6,8.3,8.55,15.4
5500218139,2473,1593949952,8,6,12,,Monkey King,dire,False,0.55,7.75,8.55,15.25
5501588873,1857,1594035895,7,5,19,,Monkey King,dire,True,0.6,7.75,8.25,15.45
5501636310,2402,1594038130,6,10,7,,Mirana,dire,False,0.55,7.8,8.5,14.45
5504225893,3119,1594206900,8,7,23,,Mirana,dire,True,0.55,7.85,8.4,14.55
5504298600,1601,1594210581,1,3,8,,Legion Commander,radiant,True,0.55,7.4,8.15,13.65
5504333648,2590,1594212179,8,4,20,,Mirana,dire,True,0.55,7.4,7.75,13.8
5506591600,2817,1594365045,6,16,16,,Vengeful Spirit,dire,False,0.55,7.45,8.5,14.4
5506637527,2487,1594368283,8,8,16,,Monkey King,radiant,True,0.55,7.3,8.6,14.45
5507780605,1783,1594438759,2,0,1,,Monkey King,dire,True,0.6,7.05,8.05,14.15
5507790420,2622,1594439475,9,8,10,,Monkey King,radiant,False,0.6,7.5,8.2,14.2
5508005902,2009,1594453027,7,3,8,,Monkey King,dire,True,0.65,7.55,7.6,14.2
5508050570,2222,1594455440,1,10,9,,Mirana,dire,False,0.65,7.55,7.95,14.35
5509486938,4072,1594538431,11,18,27,,Monkey King,radiant,True,0.65,7.65,8.4,14.35
5509911246,2146,1594558854,3,2,14,,Vengeful Spirit,dire,True,0.65,7.8,8.15,14.35
5516995673,2512,1594899829,3,15,10,,Mars,radiant,False,0.6,7.3,8.3,13.7
5517113472,2969,1594903277,8,9,13,,Windranger,dire,False,0.55,7.2,8.25,13.5
5519411777,3128,1594991127,11,8,26,,Mirana,radiant,True,0.55,7.2,8.5,13.75
5519568704,3443,1594994933,3,11,16,,Monkey King,dire,False,0.5,6.55,8.45,13.55
5521083176,1316,1595056238,4,4,2,,Enchantress,radiant,False,0.5,6.2,7.95,13.35
5521126191,2218,1595057808,17,3,11,,Enchantress,dire,True,0.55,6.55,7.5,13.4
5521197511,3455,1595060335,9,11,13,,Enchantress,radiant,False,0.55,6.6,7.75,13.45
5523211866,2086,1595137110,4,4,20,,Vengeful Spirit,dire,True,0.55,6.45,7.7,13.5
5523274171,2725,1595139527,2,8,12,,Vengeful Spirit,dire,False,0.55,6.25,7.6,13.75
5523852544,3646,1595159480,2,10,9,,Vengeful Spirit,radiant,True,0.55,5.95,7.75,13.05
5525834077,3020,1595246493,9,6,25,,Silencer,dire,True,0.55,6.35,7.9,13.9
5534486760,2447,1595658942,6,4,16,,Mirana,radiant,True,0.55,6.25,7.9,13.7
5534548125,2040,1595661720,0,7,7,,Vengeful Spirit,dire,False,0.55,5.95,7.45,13.25
5534847895,2480,1595674521,9,10,15,,Lina,dire,True,0.55,6.0,7.55,13.2
5536200500,2542,1595735226,4,9,9,,Mirana,radiant,True,0.55,6.1,8.0,13.6
5536284832,3095,1595739647,5,9,11,,Lina,radiant,True,0.6,5.9,8.05,13.65
5536359976,2709,1595743414,7,10,11,,Monkey King,radiant,False,0.55,5.9,8.4,13.8
5536917585,2313,1595765502,4,3,18,,Mirana,dire,True,0.6,6.05,8.05,14.25
5538620152,3819,1595850921,4,10,15,,Lina,radiant,False,0.55,5.7,7.65,13.65
5540255183,2539,1595935479,4,8,11,,Mirana,radiant,False,0.5,5.75,7.95,13.5
5540344087,2566,1595939085,4,9,14,,Mirana,radiant,False,0.5,5.8,7.65,13.7
5541610634,2508,1596006830,2,7,16,,Mirana,dire,False,0.5,5.5,7.55,13.85
5542949604,2264,1596074315,3,10,7,,Mirana,dire,False,0.45,5.1,7.65,12.9
5543247180,2424,1596094715,2,4,6,,Mirana,radiant,False,0.45,5.05,7.3,12.4
5543281234,2780,1596096673,7,6,28,,Mirana,radiant,True,0.5,5.2,7.4,13.7
5543550578,2184,1596110361,3,8,6,,Lion,dire,False,0.45,4.5,7.65,13.45
5543690572,3036,1596115626,2,10,6,,Mirana,radiant,False,0.45,4.15,7.6,13.1
5544861682,2982,1596182045,3,6,27,,Mirana,radiant,True,0.45,4.1,7.7,13.45
5545170609,2586,1596197356,16,7,16,,Mirana,dire,True,0.5,4.8,7.65,13.65
5545250441,2863,1596200400,7,12,21,,Mirana,radiant,False,0.45,5.05,7.75,14.25
5546592699,2364,1596269119,0,10,1,,Mirana,radiant,False,0.4,4.6,7.95,13.05
5546893546,3507,1596282404,9,15,21,,Lina,dire,False,0.35,4.75,8.5,13.3
5547004427,2821,1596286584,7,9,13,,Lina,dire,False,0.35,5.1,8.6,13.6
5548072125,2617,1596339233,4,6,8,,Lina,radiant,True,0.35,4.85,8.4,13.25
5548354919,3383,1596353078,12,9,20,,Lina,radiant,True,0.35,5.25,8.4,13.8
5548758055,2293,1596369396,2,5,11,,Mirana,dire,False,0.3,5.1,8.2,13.8
5548836182,2452,1596372101,6,12,5,,Lina,dire,False,0.3,5.05,8.3,13.5
5550358283,2071,1596453994,3,7,14,,Mirana,dire,False,0.25,5.0,8.5,13.3
5551630215,2376,1596523135,2,13,5,,Lina,dire,False,0.25,4.9,8.65,12.8
5552051820,2262,1596544926,4,8,11,,Lina,dire,False,0.25,4.9,8.65,12.8
5553188523,2292,1596611295,10,3,23,,Mirana,dire,True,0.3,5.2,8.35,13.25
5553474108,3068,1596627358,6,8,13,,Lina,dire,False,0.3,5.4,8.4,13.1
5554624026,2170,1596693945,8,6,13,,Lina,radiant,True,0.35,5.65,8.2,13.4
5554905657,2575,1596710702,5,15,6,,Monkey King,dire,False,0.35,5.8,8.75,13.4
5556550007,2489,1596803210,2,10,13,,Lina,dire,False,0.3,5.55,8.95,12.65
5557694183,3114,1596865055,7,8,12,,Lina,radiant,False,0.3,5.75,8.95,12.95
5558192507,1909,1596889031,2,7,1,,Mirana,radiant,False,0.3,5.75,8.8,12.7
5558251809,2031,1596891325,7,7,6,,Lina,dire,False,0.25,5.95,8.85,11.65
5559210818,1967,1596941245,3,7,17,,Lion,radiant,True,0.25,5.3,8.85,11.7
5559421252,3756,1596953226,25,12,10,,Lina,dire,True,0.3,6.2,8.85,11.15
5559905254,2242,1596974245,5,8,5,,Shadow Shaman,dire,False,0.3,6.45,8.75,11.35
5560006560,2864,1596977923,7,10,16,,Lina,radiant,False,0.3,6.35,8.5,11.1
5562669219,2255,1597130976,4,5,10,,Lion,radiant,True,0.35,6.2,8.3,10.95
5562913256,2148,1597144944,4,11,9,,Lina,radiant,False,0.3,6.2,8.55,11.0
5562972846,2153,1597147663,3,13,11,,Lina,dire,False,0.25,5.75,8.75,10.55
5565891785,2741,1597318826,6,8,17,,Lion,dire,True,0.3,5.95,8.9,10.85
5570586427,3750,1597575558,18,11,20,,Lina,dire,False,0.3,6.55,8.85,11.6
5572152625,2594,1597663910,15,6,12,,Lina,dire,False,0.3,7.15,8.8,11.5
5573692199,2609,1597753691,7,4,20,,Mirana,radiant,True,0.35,7.4,8.35,12.25
5574840104,2578,1597824410,5,14,10,,Lina,radiant,False,0.35,7.45,8.65,12.2
5575034651,3092,1597836065,1,5,20,,Mirana,radiant,True,0.35,7.0,8.75,12.05
5578013618,2369,1598012686,2,8,6,,Lina,dire,False,0.35,6.8,8.75,11.7
5578133710,2305,1598017417,7,17,8,,Lina,radiant,False,0.3,6.75,9.3,11.45
5579271302,2462,1598082498,19,0,13,,Death Prophet,radiant,True,0.35,7.45,8.55,11.8
5580837955,3022,1598164220,10,8,32,,Lina,dire,True,0.4,7.85,8.45,12.75
5580921305,1733,1598168150,2,2,2,,Lina,radiant,True,0.45,7.6,8.15,12.25
5581343948,3029,1598186530,10,11,13,,Death Prophet,dire,True,0.5,8.0,8.35,12.85
5582463067,2802,1598253269,11,10,12,,Lina,radiant,False,0.5,8.2,8.5,13.15
5582688663,2042,1598266998,4,7,12,,Death Prophet,dire,True,0.5,8.25,8.5,12.9
5582736358,3521,1598269387,10,8,22,,Lina,radiant,False,0.45,7.5,8.3,13.5
5583960741,3805,1598341579,4,11,26,,Mirana,radiant,False,0.45,7.45,8.45,14.55
5584253713,2570,1598358034,5,8,7,,Lina,radiant,False,0.45,7.35,8.35,14.1
5585802373,3110,1598447397,6,7,23,,Mirana,dire,True,0.45,7.45,8.45,14.75
5586873329,3344,1598514133,5,9,16,,Mirana,radiant,True,0.5,7.5,8.35,15.1
5587080424,2827,1598526507,9,8,20,,Nyx Assassin,radiant,True,0.55,7.8,8.1,15.55
5588150403,3276,1598588788,4,7,11,,Lina,dire,False,0.5,7.7,8.05,15.25
5589814954,2319,1598676827,1,7,7,,Lion,dire,False,0.5,6.85,7.85,14.6
5589865313,1960,1598679666,3,13,14,,Mirana,radiant,False,0.5,6.25,8.2,14.7
5591585238,2668,1598764855,11,2,21,,Lina,dire,True,0.5,6.45,8.1,14.75
5591646548,3462,1598767925,4,6,29,,Mirana,radiant,True,0.55,6.4,7.7,15.7
5592072216,3037,1598786371,19,9,11,,Lina,dire,False,0.5,7.3,7.9,15.25
5595056074,2947,1598956147,11,5,9,,Lina,dire,True,0.55,7.75,7.75,15.4
5597618790,2437,1599114340,2,5,18,,Mirana,dire,True,0.6,7.5,7.15,15.9
5597909082,1956,1599133388,10,4,26,,Lina,radiant,True,0.6,7.05,7.35,16.55
5601845805,2738,1599358769,7,9,12,,Lina,radiant,True,0.6,6.9,7.4,15.55
5602022080,2912,1599369895,10,6,14,,Mirana,dire,True,0.6,7.3,7.6,16.15
5602093139,2328,1599373616,2,10,11,,Lion,dire,False,0.55,6.9,7.55,16.05
5602150915,2311,1599376360,4,9,12,,Lina,radiant,False,0.55,6.55,7.5,16.05
5602446398,2415,1599389533,11,4,9,,Mirana,dire,True,0.55,6.9,7.35,15.9
5603676287,2575,1599460967,4,9,17,,Mirana,radiant,False,0.55,6.6,7.4,15.65
5603724365,3159,1599464426,9,10,19,,Lion,radiant,False,0.55,6.85,7.35,15.3
5603987814,3086,1599480217,5,8,8,,Mirana,dire,False,0.55,6.85,7.35,15.35
5605083277,2865,1599545510,8,12,16,,Lion,dire,False,0.5,6.95,7.6,15.0
5605129572,2878,1599548945,11,10,13,,Death Prophet,radiant,False,0.45,7.25,7.65,14.85
5605364708,2456,1599563801,4,2,17,,Crystal Maiden,radiant,True,0.45,7.0,7.35,14.7
5606535844,2910,1599635557,19,3,12,,Legion Commander,dire,True,0.5,7.75,7.15,14.75
5606750646,2721,1599649586,17,11,12,,Lina,dire,True,0.55,8.55,7.35,15.0
5606813417,2622,1599652775,11,9,11,,Legion Commander,radiant,True,0.6,8.95,7.15,14.85
5607925139,2276,1599723644,5,7,23,,Legion Commander,radiant,True,0.6,8.65,7.4,14.95
5608140136,4274,1599737304,8,12,10,,Legion Commander,radiant,False,0.55,8.85,7.7,14.0
5609563305,2482,1599825612,9,8,20,,Legion Commander,radiant,True,0.6,8.35,7.65,14.45
5610674125,2405,1599887704,3,14,7,,Legion Commander,radiant,False,0.55,7.95,8.1,14.35
5610762106,2363,1599892866,6,5,11,,Lina,radiant,True,0.55,8.15,8.1,14.0
5611082091,2359,1599908924,3,10,11,,Legion Commander,dire,False,0.5,7.8,8.4,13.25
5611157595,2000,1599912254,9,5,16,,Legion Commander,radiant,True,0.5,7.9,8.2,13.45
5611240213,2397,1599915493,3,12,8,,Lion,radiant,False,0.45,7.55,8.5,13.15
5611323231,3638,1599918423,5,11,31,,Legion Commander,radiant,True,0.5,7.7,8.55,14.15
5612507207,2022,1599983794,1,10,4,,Legion Commander,radiant,False,0.5,7.55,8.6,13.75
5612759252,3894,1599995177,13,11,21,,Legion Commander,dire,False,0.45,7.65,8.95,14.35
5613990115,3200,1600067608,7,12,21,,Mirana,radiant,True,0.5,7.8,9.1,14.55
5614279893,3180,1600085634,8,10,19,,Legion Commander,radiant,True,0.55,7.75,9.1,14.55
5615593411,2757,1600168850,10,6,11,,Windranger,radiant,True,0.6,8.0,9.0,14.7
5615664037,3032,1600172275,9,6,12,,Skywrath Mage,dire,False,0.6,8.05,8.7,14.5
5616998567,2484,1600257064,4,8,5,,Legion Commander,dire,True,0.65,7.7,8.6,14.1
5618354011,3864,1600344055,12,10,27,,Mirana,radiant,True,0.65,8.1,9.0,14.6
5619707117,1804,1600430312,5,4,19,,Lion,dire,True,0.65,7.4,9.05,14.95
5619774420,2804,1600433342,6,10,9,,Legion Commander,dire,False,0.6,6.85,9.0,14.8
5622458119,2394,1600577347,4,8,31,,Mirana,dire,False,0.55,6.5,8.95,15.8
5622517565,2573,1600580608,5,12,8,,Mirana,dire,False,0.5,6.5,9.2,15.05
5623032307,2502,1600603520,13,5,15,,Lina,radiant,False,0.5,6.75,8.85,15.3
5624311975,2192,1600682174,7,5,19,,Mirana,radiant,True,0.5,6.65,8.7,15.25
5627151735,2306,1600859812,2,7,30,,Legion Commander,dire,True,0.55,6.6,8.35,16.4
5627204968,3276,1600862495,9,4,23,,Mirana,radiant,True,0.55,6.75,8.3,17.0
5628234114,3003,1600928656,9,5,20,2.0,Lion,radiant,True,0.6,7.05,8.05,17.45
5628282062,3386,1600932377,6,9,12,2.0,Lina,dire,True,0.6,6.9,8.25,17.25
5629556145,2932,1601013900,10,7,21,2.0,Death Prophet,radiant,True,0.65,7.25,8.0,17.9
5629902136,2234,1601036541,4,6,17,2.0,Mirana,radiant,True,0.65,7.2,7.75,17.2
5631476720,3446,1601124375,9,8,17,1.0,Mirana,dire,True,0.7,7.6,7.65,17.85
5632572279,3063,1601189357,7,7,25,5.0,Mirana,radiant,True,0.75,7.3,7.45,18.05
5632850835,2559,1601204525,11,5,21,2.0,Mirana,radiant,True,0.75,7.5,7.1,18.05
5632946569,2838,1601208783,3,9,19,2.0,Mirana,radiant,False,0.7,7.25,7.05,18.05
5634038111,3092,1601276893,2,4,26,2.0,Mirana,radiant,True,0.7,6.85,6.95,18.8
5634256990,2043,1601291928,2,4,11,2.0,Mirana,dire,True,0.75,6.5,6.85,18.75
5634310185,3176,1601294638,8,9,32,2.0,Lion,radiant,True,0.75,6.7,6.9,20.1
5635328684,2511,1601359292,0,8,18,2.0,Lion,radiant,True,0.75,6.1,6.8,19.65
5635620387,2426,1601379475,6,5,17,2.0,Lion,radiant,True,0.75,6.15,6.85,19.55
5635680108,2324,1601382343,6,2,13,2.0,Mirana,radiant,True,0.8,6.15,6.45,19.75
5636626197,3676,1601441816,7,10,26,2.0,Mirana,dire,False,0.8,6.3,6.55,19.5
5637045675,2023,1601469865,5,17,9,2.0,Death Prophet,dire,False,0.8,6.3,6.8,19.55
5637100098,2434,1601472162,2,6,20,2.0,Mirana,dire,False,0.8,5.75,6.85,19.8
5638372108,1657,1601555096,3,12,6,5.0,Lion,dire,False,0.75,5.55,7.2,19.15
5639680973,2316,1601639345,5,6,16,2.0,Lion,radiant,True,0.75,5.7,7.15,18.45
5639734915,2466,1601641968,2,2,25,2.0,Mirana,dire,True,0.75,5.35,7.05,18.55
5642196525,4717,1601788445,14,8,32,2.0,Mirana,radiant,True,0.75,5.6,7.2,19.15
5642624714,2499,1601811316,4,6,6,3.0,Mirana,radiant,False,0.7,5.5,7.05,18.85
5643948278,2391,1601892413,6,6,19,2.0,Lion,dire,True,0.7,5.3,7.0,18.75
5644008209,2990,1601896049,7,9,16,2.0,Mirana,dire,False,0.65,5.45,7.15,18.7
5644998522,2549,1601955586,3,16,14,2.0,Crystal Maiden,radiant,False,0.6,5.15,7.55,18.55
5645088220,4330,1601962661,9,15,28,3.0,Lion,radiant,True,0.6,5.25,7.95,18.7
5646516205,1908,1602051298,5,6,24,2.0,Shadow Shaman,radiant,True,0.6,4.95,8.0,18.85
5646777961,3063,1602067520,13,9,16,2.0,Mirana,radiant,False,0.6,5.45,8.0,18.7
5646851136,2893,1602071376,6,7,21,2.0,Lina,dire,False,0.55,5.65,8.15,18.45
5648216343,2659,1602155949,6,5,30,2.0,Shadow Shaman,dire,True,0.55,5.85,8.2,19.4
5650899411,2691,1602326447,7,6,14,2.0,Shadow Shaman,radiant,True,0.55,5.8,8.05,18.5
5650961426,3154,1602329747,6,11,20,2.0,Mirana,dire,True,0.55,6.1,8.2,18.6
5652166026,2931,1602399457,7,5,25,2.0,Lion,dire,True,0.55,6.15,8.2,19.0
5653525796,2594,1602481587,4,11,12,2.0,Legion Commander,radiant,False,0.5,6.05,8.65,18.95
5653773064,2983,1602500953,13,9,18,2.0,Lion,radiant,True,0.55,6.35,8.6,18.55
5656265255,2033,1602673084,4,10,12,2.0,Lion,radiant,False,0.55,6.3,8.25,18.7
5656313381,3179,1602675745,8,11,15,2.0,Mirana,radiant,False,0.55,6.6,8.5,18.45
5657520778,2877,1602758291,10,10,6,2.0,Enchantress,radiant,True,0.6,6.95,8.4,18.45
5658574234,2611,1602830097,3,9,13,2.0,Lion,radiant,True,0.6,6.85,8.55,18.3
5660281191,2171,1602931575,5,9,10,2.0,Shadow Shaman,radiant,False,0.55,7.0,8.9,17.55
5660343522,2445,1602934619,8,6,15,2.0,Mirana,dire,False,0.5,6.7,8.8,16.7
5661845597,3481,1603017240,5,12,18,2.0,Lion,dire,False,0.5,6.75,9.1,17.3
5664530990,2866,1603191814,2,9,12,2.0,Mirana,radiant,False,0.45,6.55,9.25,16.95
5665802534,2631,1603278554,7,11,16,2.0,Lion,dire,True,0.5,6.55,9.35,16.95
5667036371,2690,1603362124,3,8,21,2.0,Lion,dire,True,0.55,6.55,8.95,17.3
5667089105,2885,1603365334,14,7,44,2.0,Death Prophet,dire,True,0.55,6.8,8.55,18.1
5668345227,1861,1603448754,9,8,8,3.0,Drow Ranger,dire,False,0.5,7.0,8.65,17.3
5668389211,2613,1603451377,7,6,13,3.0,Mirana,radiant,True,0.55,6.7,8.5,17.15
5669743878,2518,1603531524,5,12,24,2.0,Lion,dire,True,0.6,6.65,8.75,17.3
5669798280,2265,1603534463,14,4,22,2.0,Death Prophet,radiant,True,0.6,7.05,8.7,16.9
5669944414,4289,1603541524,9,13,19,2.0,Drow Ranger,dire,True,0.6,7.15,9.05,17.15
5671363820,3279,1603620866,6,9,14,2.0,Drow Ranger,dire,False,0.55,7.15,8.95,16.85
5671442448,2734,1603624656,17,7,25,2.0,Drow Ranger,dire,True,0.55,7.65,9.05,16.85
5672782382,2919,1603709246,12,10,18,2.0,Death Prophet,dire,False,0.55,8.05,9.0,17.15
5674096255,2379,1603795599,6,15,17,2.0,Lion,radiant,False,0.5,7.7,9.3,17.1
5674148139,2605,1603798478,3,10,16,2.0,Lion,dire,False,0.5,7.65,9.3,17.3
5675425752,1636,1603881986,0,8,3,5.0,Death Prophet,dire,False,0.5,7.25,9.15,16.7
5678269567,2607,1604056211,9,8,15,2.0,Drow Ranger,dire,True,0.5,7.2,9.05,17.15
5678341099,2470,1604059221,6,6,24,2.0,Lion,radiant,True,0.5,7.35,8.9,17.7
5681809818,2298,1604224946,2,10,11,2.0,Lion,dire,False,0.5,7.2,8.95,17.75
5681869965,2739,1604227665,4,6,19,2.0,Mirana,radiant,True,0.55,7.0,8.95,17.95
5683431670,2339,1604313397,9,5,24,2.0,Death Prophet,radiant,True,0.6,7.2,8.6,18.25
5683483051,2541,1604316057,3,7,24,2.0,Lion,radiant,True,0.65,7.25,8.5,18.85
5684906645,3120,1604399114,8,12,15,2.0,Lion,dire,False,0.6,7.3,8.55,18.8
5684976255,3212,1604402895,4,12,19,2.0,Lina,radiant,False,0.55,7.35,8.75,18.7
5686444358,3268,1604490737,19,10,21,2.0,Drow Ranger,dire,True,0.55,7.6,8.9,17.55
5702071772,2398,1605434991,9,5,18,2.0,Drow Ranger,radiant,True,0.6,7.6,8.75,18.05
5703264309,2478,1605505639,6,3,26,2.0,Mirana,radiant,True,0.6,7.55,8.6,18.7
5714452188,3172,1606215066,7,17,12,2.0,Lion,dire,False,0.55,7.65,8.85,18.1
5721786749,2521,1606647201,10,8,14,3.0,Lina,dire,True,0.55,7.45,9.05,17.7
5724464026,2602,1606819683,3,12,16,2.0,Lion,radiant,False,0.5,7.15,9.0,17.55
5727059689,2301,1606994203,6,8,13,2.0,Shadow Shaman,radiant,True,0.55,7.15,8.95,17.5
5740639723,3159,1607857119,5,8,29,,Mirana,dire,True,0.55,6.55,9.0,17.7
5741972325,2669,1607944773,7,8,15,2.0,Lion,dire,True,0.6,6.3,8.9,17.55
5743204779,2416,1608030693,4,8,13,2.0,Drow Ranger,radiant,False,0.6,6.2,8.55,17.35
5760038771,2889,1609066632,15,7,19,2.0,Drow Ranger,radiant,True,0.65,6.8,8.4,17.5
5760111110,3003,1609069934,7,12,17,2.0,Lion,dire,False,0.65,7.15,8.6,18.2
5761254810,2537,1609137939,1,15,11,2.0,Mirana,dire,False,0.6,6.75,8.95,18.0
5761292938,2010,1609140860,2,9,0,2.0,Lina,dire,False,0.55,6.55,9.1,16.8
5764065433,1894,1609312513,2,9,13,1.0,Lion,radiant,True,0.6,6.55,9.05,16.9
5764268721,3825,1609325972,5,7,32,2.0,Mirana,radiant,False,0.55,6.6,9.1,17.55
5769739728,2194,1609648460,7,9,22,2.0,Shadow Shaman,radiant,True,0.55,6.5,9.3,17.45
5769778051,3210,1609651041,9,7,39,2.0,Mirana,dire,True,0.55,6.8,9.3,18.2
5771555186,3358,1609754996,2,9,26,3.0,Mirana,radiant,True,0.6,6.5,9.15,18.75
5774049244,2466,1609903534,4,3,20,1.0,Mirana,dire,True,0.65,6.5,8.7,18.8
5774133263,2494,1609910618,1,6,8,2.0,Shadow Shaman,radiant,False,0.6,5.6,8.5,18.15
5774403542,2120,1609929462,1,10,6,1.0,Queen of Pain,radiant,False,0.55,5.2,8.75,17.55
5777012025,3047,1610088800,2,7,22,2.0,Mirana,radiant,True,0.55,5.0,8.95,17.35
5777321226,2997,1610108174,3,9,16,3.0,Mirana,dire,False,0.55,4.8,8.55,17.55
5780063592,3177,1610255936,4,7,15,1.0,Earthshaker,dire,True,0.55,4.5,8.5,17.6
5780436588,2690,1610275346,0,15,19,2.0,Earthshaker,dire,False,0.55,4.35,8.65,17.75
5780503641,3942,1610278376,6,8,28,2.0,Mirana,dire,True,0.55,4.35,8.65,18.5
5781590508,3380,1610339220,1,15,16,1.0,Earthshaker,radiant,False,0.5,4.15,9.0,17.85
5781851461,3682,1610359969,5,6,33,2.0,Mirana,radiant,True,0.5,4.05,8.9,18.75
5783211549,3792,1610448138,9,10,45,2.0,Mirana,dire,False,0.5,4.3,9.0,20.35
5785806815,2963,1610616195,16,7,16,1.0,Mirana,dire,True,0.5,4.35,9.0,20.2
5785890162,2184,1610621389,4,5,26,1.0,Mirana,dire,True,0.55,4.2,8.65,20.65
5787081599,2390,1610693484,8,9,25,1.0,Lion,radiant,True,0.6,4.55,8.35,21.35
5787365572,2679,1610711557,9,7,17,1.0,Mirana,radiant,False,0.6,4.9,8.25,22.2
5788419802,1911,1610767325,6,10,4,2.0,Shadow Shaman,radiant,False,0.55,5.1,8.3,21.75
5788453149,3408,1610769705,24,4,22,2.0,Mirana,dire,True,0.6,6.05,8.15,21.25
5788989095,2788,1610796827,8,10,18,1.0,Lion,dire,True,0.6,6.1,8.2,21.05
5790658721,2929,1610878696,4,8,14,2.0,Mirana,dire,False,0.55,5.85,8.25,19.8
5795657673,1769,1611194403,2,11,3,1.0,Mirana,radiant,False,0.5,5.85,8.35,18.65
5796032060,2621,1611225618,11,7,32,2.0,Mirana,radiant,True,0.5,6.2,8.55,19.25
5800185970,2106,1611466910,6,4,18,1.0,Mirana,radiant,True,0.55,6.45,8.45,19.75
5800542908,2158,1611484340,3,4,10,2.0,Mirana,dire,False,0.55,6.55,8.15,19.95
5802119683,2519,1611573250,3,9,20,2.0,Mirana,radiant,True,0.55,6.6,8.25,19.85
5803566220,2597,1611656927,1,7,21,2.0,Mirana,dire,True,0.6,6.5,8.15,20.1
5808172766,1519,1611923200,3,6,9,1.0,Mirana,dire,False,0.55,6.45,8.1,19.8
5809329716,2229,1611985956,3,16,6,2.0,Lion,dire,False,0.55,6.6,8.15,19.15
5809385469,2179,1611989082,9,6,23,2.0,Mirana,dire,True,0.55,6.75,8.05,18.9
5811167538,3128,1612075628,10,10,19,2.0,Mirana,radiant,False,0.55,7.2,7.8,19.05
5811501040,2825,1612090309,18,4,15,2.0,Mirana,dire,True,0.55,7.85,7.7,18.15
5813244161,2616,1612178114,6,11,18,3.0,Mirana,dire,False,0.55,7.7,7.75,16.8
5814595292,1864,1612259839,9,4,19,2.0,Lion,radiant,True,0.55,7.35,7.6,16.95
5814629788,2512,1612262129,3,10,14,2.0,Lina,radiant,True,0.55,7.3,7.85,16.35
5815991747,3299,1612348209,7,10,22,2.0,Mirana,dire,False,0.5,7.25,7.9,16.2
5821479936,2669,1612675328,1,13,10,1.0,Mirana,radiant,False,0.5,6.85,8.2,15.85
5825092652,2625,1612865203,7,8,18,2.0,Death Prophet,dire,True,0.55,6.9,8.1,16.55
5830680420,2927,1613126669,9,8,5,2.0,Mirana,dire,False,0.5,6.15,8.3,15.7
5832654821,2841,1613212328,2,5,26,2.0,Shadow Shaman,radiant,True,0.5,5.85,8.05,16.1
5832742055,2324,1613215585,3,4,16,2.0,Sven,radiant,True,0.55,5.8,7.85,16.2
5834701123,2446,1613297342,10,8,18,5.0,Mirana,radiant,True,0.6,6.2,7.7,16.95
5836758340,2621,1613385876,7,7,19,2.0,Sven,radiant,True,0.6,6.0,7.7,16.3
5838708200,3404,1613470951,16,9,18,2.0,Mirana,radiant,True,0.6,6.5,7.95,16.3
5840724996,2192,1613558363,2,11,5,2.0,Sven,dire,False,0.6,6.45,8.3,16.05
5848289027,2335,1613903338,2,7,24,2.0,Shadow Shaman,radiant,True,0.6,6.4,8.2,16.25
5848368238,3395,1613906251,10,16,30,2.0,Sven,radiant,False,0.55,6.85,8.65,16.7
5850091910,4032,1613991813,12,9,21,2.0,Mirana,dire,False,0.55,7.3,8.8,17.3
5853414706,2509,1614161774,8,7,22,2.0,Mirana,radiant,True,0.6,7.55,8.35,18.1
5853483365,2952,1614165004,7,5,24,2.0,Mirana,dire,True,0.6,7.45,8.3,18.15
5855141866,2461,1614252573,4,11,16,2.0,Dazzle,dire,False,0.6,7.15,8.35,18.0
5860450776,2145,1614506954,3,8,17,2.0,Mirana,dire,False,0.55,6.4,8.55,18.1
5860530831,1966,1614510034,7,3,14,2.0,Shadow Shaman,dire,True,0.6,6.45,8.15,17.9
5861951067,2669,1614584761,3,7,11,2.0,Mirana,radiant,False,0.55,6.15,8.3,17.5
5862193287,1981,1614598033,2,11,7,2.0,Storm Spirit,dire,False,0.5,6.1,8.35,17.15
5863632855,2520,1614680489,0,10,12,2.0,Lion,dire,True,0.55,5.75,8.35,16.65
5863744144,2784,1614685669,7,9,17,2.0,Mirana,dire,False,0.55,6.05,8.15,17.0
5865220636,2367,1614769949,8,7,13,2.0,Death Prophet,dire,True,0.55,6.1,8.1,16.75
5865286035,2551,1614772740,12,8,20,2.0,Mirana,dire,False,0.55,6.25,8.1,17.5
5867948040,2866,1614921810,7,5,17,2.0,Mirana,radiant,True,0.55,6.5,8.1,17.05
5869738311,3406,1615005392,10,11,35,2.0,Mirana,radiant,True,0.55,6.85,8.45,18.0
5874753613,3153,1615203871,8,7,13,2.0,Lion,dire,False,0.5,6.75,8.4,17.75
5876612110,1878,1615289703,8,2,14,2.0,Legion Commander,dire,True,0.5,6.8,8.15,17.5
5878390113,2619,1615372533,9,7,17,3.0,Death Prophet,radiant,False,0.45,6.45,8.05,17.45
5878479605,2218,1615375834,10,4,16,2.0,Mirana,radiant,True,0.5,6.85,7.7,18.0
5880294449,3024,1615460725,6,10,19,3.0,Skywrath Mage,dire,True,0.5,7.05,7.85,17.75
5882121238,1882,1615546084,0,6,7,1.0,Mirana,dire,False,0.5,6.55,7.35,16.6
5884289066,3134,1615634661,9,6,26,4.0,Mirana,dire,True,0.55,6.4,7.2,16.85
5886003808,3047,1615701015,8,8,29,1.0,Mirana,dire,True,0.55,6.4,7.25,17.2
5886552343,3572,1615719910,7,10,30,1.0,Mirana,radiant,True,0.55,6.4,7.5,17.5
5888420880,1948,1615804957,14,2,20,2.0,Mirana,radiant,True,0.6,6.9,7.05,17.7
5890255515,3150,1615892593,7,11,16,2.0,Mirana,radiant,True,0.65,7.1,7.2,17.65
5893789847,3111,1616064222,3,10,32,2.0,Mirana,radiant,False,0.6,6.9,7.55,18.55
5895571901,2172,1616150352,2,14,12,1.0,Shadow Shaman,radiant,False,0.6,6.85,7.9,18.6
5896838265,3366,1616203551,14,7,19,2.0,Mirana,dire,True,0.65,7.45,7.7,19.2
5896901532,1656,1616207434,1,8,4,2.0,Mirana,dire,False,0.6,7.5,7.6,18.8
5899803311,2263,1616323089,3,12,11,2.0,Mirana,radiant,False,0.6,7.3,7.75,18.5
5899921142,2541,1616326947,4,8,17,,Mirana,dire,False,0.55,7.1,7.8,18.7
5905425208,2923,1616586394,12,7,31,2.0,Mirana,radiant,True,0.6,7.1,7.75,19.25
5907251241,2272,1616666789,4,4,5,2.0,Hoodwink,dire,False,0.55,6.95,7.7,18.65
5907331354,2179,1616669445,1,8,12,,Mirana,radiant,False,0.5,6.5,7.55,17.5
5911022390,2058,1616821996,6,11,13,2.0,Mirana,dire,False,0.5,6.4,7.75,17.5
5911080843,3138,1616824647,4,9,12,2.0,Mirana,radiant,False,0.45,6.2,8.1,17.4
5917456131,3364,1617101055,8,12,16,3.0,Legion Commander,radiant,False,0.45,6.15,8.35,17.35
5919181743,3987,1617185995,3,11,14,5.0,Mirana,radiant,False,0.4,5.8,8.7,17.25
5922702738,2446,1617358515,6,5,22,1.0,Mirana,radiant,False,0.35,5.8,8.45,17.4
5922766612,2501,1617361329,8,5,22,1.0,Mirana,dire,True,0.4,6.2,8.4,18.15
5924164687,2330,1617419812,9,5,23,2.0,Mirana,dire,True,0.4,6.2,8.35,18.0
5924354463,3980,1617429894,6,11,22,2.0,Mirana,dire,False,0.35,6.1,8.5,17.65
5926798115,2814,1617534827,1,14,18,2.0,Mirana,dire,False,0.3,5.8,8.7,17.05
5926885116,2517,1617537963,5,9,12,2.0,Shadow Shaman,radiant,True,0.3,5.35,9.05,16.65
5928788537,2261,1617623472,10,8,9,1.0,Mirana,dire,False,0.25,5.5,8.9,16.3
5929954117,1803,1617679986,2,2,15,1.0,Mirana,dire,True,0.3,5.45,8.5,15.45
5930150000,2149,1617692909,1,13,4,1.0,Mirana,radiant,False,0.3,5.4,8.45,15.05
5930384868,2183,1617705429,3,3,19,2.0,Mirana,radiant,True,0.3,4.85,8.25,15.05
5930445559,2238,1617708058,6,2,10,2.0,Mirana,dire,True,0.35,5.1,7.95,15.35
5931557960,2175,1617760256,2,6,8,1.0,Mirana,radiant,False,0.35,5.05,7.65,15.2
5932057177,2793,1617790395,10,8,19,1.0,Mirana,dire,False,0.35,5.35,7.65,15.3
5935222049,1925,1617952423,10,4,14,1.0,Mirana,radiant,True,0.35,5.25,7.5,14.45
5937151046,1631,1618038217,3,5,5,1.0,Mirana,dire,False,0.35,5.2,7.55,14.45
5939773550,2979,1618139031,7,8,16,2.0,Lion,dire,True,0.4,5.5,7.55,14.65
5939880520,2706,1618142372,19,7,14,2.0,Mirana,radiant,True,0.45,6.15,7.35,14.7
5941043223,2735,1618192061,6,3,34,1.0,Mirana,dire,True,0.5,6.25,7.05,15.8
5941693518,2150,1618229073,9,4,24,2.0,Mirana,dire,True,0.55,6.3,6.65,16.2
5942830820,3363,1618285926,6,8,27,1.0,Mirana,dire,True,0.6,6.45,6.5,16.85
5943327459,3230,1618313563,22,2,25,2.0,Mirana,dire,True,0.65,7.25,6.35,17.0
5943428527,3368,1618317281,18,7,26,2.0,Mirana,dire,True,0.65,7.75,6.45,17.2
5944659700,2674,1618383512,12,4,17,2.0,Mirana,radiant,True,0.65,7.9,6.4,16.9
5944985201,2631,1618400136,10,8,21,2.0,Legion Commander,dire,True,0.7,8.1,6.25,16.85
5946066628,2377,1618454665,8,4,16,1.0,Mirana,radiant,True,0.75,8.45,5.75,16.75
5946631735,2592,1618487391,4,6,8,1.0,Mirana,radiant,False,0.7,8.4,5.6,16.55
5947648575,2310,1618537868,7,8,15,5.0,Mirana,dire,True,0.75,8.25,5.6,16.85
5947910751,1989,1618556343,4,7,18,2.0,Mirana,radiant,True,0.75,8.35,5.85,17.0
5947957993,2479,1618559174,7,3,15,3.0,Mirana,dire,True,0.8,8.65,5.35,17.55
5949343215,2456,1618620613,11,3,17,2.0,Mirana,dire,True,0.8,9.05,5.35,17.45
5949391763,1996,1618624195,8,3,18,3.0,Mirana,radiant,True,0.8,9.15,5.4,17.85
5950294212,2255,1618662468,7,7,19,4.0,Mirana,radiant,True,0.85,9.4,5.45,18.4
5951779994,2743,1618727487,6,6,20,1.0,Mirana,radiant,True,0.9,9.2,5.35,18.45
5952200074,1793,1618742944,15,3,14,2.0,Death Prophet,radiant,True,0.9,9.45,5.3,18.45
5952279660,3417,1618745691,6,15,30,2.0,Mirana,dire,False,0.9,9.6,5.8,19.7
5953712907,2004,1618816091,15,4,10,2.0,Mirana,radiant,True,0.9,10.0,5.6,19.4
5954065696,2205,1618833669,4,13,12,2.0,Mirana,dire,False,0.85,9.25,5.9,19.3
5955371798,2765,1618903631,6,15,15,2.0,Mirana,radiant,False,0.8,9.25,6.5,18.35
5956931215,1598,1618984951,2,10,4,2.0,Legion Commander,radiant,False,0.75,8.9,6.8,17.35
5956959294,2119,1618986825,2,11,13,2.0,Legion Commander,radiant,True,0.75,8.7,6.95,16.65
5957015033,1782,1618990262,0,2,10,2.0,Lina,radiant,True,0.75,7.6,6.95,15.9
5957295206,2849,1619004433,7,10,21,2.0,Mirana,radiant,False,0.7,7.05,7.1,15.65
5959037053,2125,1619093886,7,7,7,1.0,Mirana,radiant,False,0.65,6.8,7.25,15.15
5960494175,2520,1619175475,2,6,16,1.0,Mirana,dire,True,0.65,6.4,7.15,14.9
5961836061,2007,1619241068,4,5,17,1.0,Mirana,radiant,True,0.65,6.2,7.2,14.95
5961936814,2593,1619246190,3,7,16,1.0,Mirana,radiant,False,0.65,6.15,7.25,15.35
5964165535,3110,1619352432,4,10,23,2.0,Mirana,radiant,True,0.65,6.0,7.35,15.75
5965706880,2518,1619437157,9,7,20,2.0,Mirana,radiant,True,0.65,6.25,7.35,15.85
5965786078,2171,1619440382,3,13,7,3.0,Lion,dire,False,0.6,6.05,7.85,15.45
5967216338,1681,1619523179,8,2,20,2.0,Mirana,radiant,True,0.6,5.9,7.8,15.6
5967262676,2175,1619525210,11,2,23,2.0,Mirana,dire,True,0.6,6.05,7.75,15.85
5972584217,1554,1619829126,6,2,12,2.0,Mirana,radiant,True,0.6,6.0,7.5,15.5
5972607123,2207,1619831139,9,4,24,3.0,Mirana,radiant,True,0.6,6.15,7.4,15.7
5973266580,2068,1619867820,3,2,17,1.0,Mirana,radiant,True,0.6,5.55,7.35,15.85
5974292494,2833,1619917216,4,15,23,1.0,Mirana,radiant,True,0.65,5.45,7.35,15.5
5974920925,3149,1619952195,10,8,30,2.0,Mirana,radiant,True,0.65,5.2,7.55,16.5
5974999668,2403,1619955783,3,7,25,2.0,Storm Spirit,radiant,True,0.7,5.15,7.25,17.15
5976594722,2506,1620040303,9,10,22,2.0,Mirana,dire,False,0.7,5.3,7.0,17.5
5976702452,2428,1620044540,4,8,19,2.0,Mirana,radiant,True,0.75,5.4,6.9,18.25
5978326823,3411,1620127478,6,8,30,2.0,Mirana,dire,True,0.75,5.6,6.75,19.1
5979640342,1925,1620199609,5,3,16,1.0,Mirana,radiant,True,0.75,5.85,6.8,19.4
5981123223,2423,1620286036,8,13,13,1.0,Lina,dire,False,0.75,5.9,6.95,19.0
5981342156,2874,1620299361,5,6,28,2.0,Mirana,dire,True,0.8,5.8,6.9,20.05
5981416316,3229,1620302889,12,7,19,2.0,Mirana,radiant,True,0.8,6.3,6.95,20.2
5982934603,1824,1620390469,3,10,6,1.0,Dazzle,dire,False,0.75,6.25,7.2,19.65
5984246843,1943,1620464622,4,7,6,1.0,Mirana,radiant,False,0.75,6.3,7.2,19.15
5984310039,2495,1620467999,4,4,18,1.0,Mirana,dire,False,0.7,6.3,6.9,18.9
5984440423,2119,1620474306,3,10,14,1.0,Mirana,radiant,False,0.65,6.0,7.05,18.6
5985432323,3028,1620519543,3,8,29,1.0,Mirana,dire,False,0.65,6.0,6.8,19.7
5985649886,1965,1620534889,1,4,23,2.0,Mirana,dire,True,0.65,5.65,6.9,19.85
5985694793,2310,1620537399,2,4,11,2.0,Mirana,radiant,True,0.65,5.2,7.0,19.25
5986174632,2803,1620559878,8,12,23,2.0,Mirana,dire,True,0.65,5.3,7.5,19.8
5987683539,2574,1620645358,7,13,21,2.0,Mirana,radiant,False,0.6,5.2,7.95,19.65
5987749159,2052,1620648353,4,5,18,2.0,Mirana,dire,True,0.6,5.25,8.1,19.7
5992034211,2885,1620905758,4,11,24,2.0,Mirana,dire,True,0.6,5.25,7.9,19.75
5992109501,2722,1620909080,5,12,10,2.0,Mirana,radiant,False,0.55,5.0,8.1,18.75
5993444066,1944,1620989943,10,0,20,1.0,Mirana,dire,True,0.55,5.35,7.75,18.5
5993494038,3202,1620992483,8,9,19,1.0,Mirana,radiant,True,0.6,5.3,7.7,18.35
5994518658,2278,1621043419,9,4,22,2.0,Mirana,radiant,True,0.6,5.55,7.5,18.5
5995273627,2574,1621082250,4,14,31,1.0,Mirana,dire,True,0.6,5.45,7.8,18.55
5996227485,3309,1621128128,4,9,29,1.0,Mirana,dire,True,0.6,5.4,8.1,19.2
5996509304,2191,1621145472,8,7,26,1.0,Shadow Shaman,radiant,True,0.65,5.4,7.8,19.85
5996562372,1910,1621148030,5,7,16,1.0,Mirana,dire,False,0.6,5.4,7.85,19.25
5996930373,2626,1621164034,1,9,15,2.0,Mirana,dire,False,0.55,4.85,7.95,19.05
5997005344,2002,1621167119,4,11,9,2.0,Mirana,radiant,False,0.55,4.9,8.0,19.2
5998408547,2504,1621250646,6,12,8,2.0,Lina,dire,True,0.6,5.0,8.25,19.3
5998479518,1642,1621253991,5,4,16,3.0,Mirana,dire,True,0.65,5.05,8.25,19.2
5999563930,2520,1621320601,11,10,19,2.0,Lina,radiant,True,0.7,5.45,8.25,19.45
5999888697,1979,1621340336,2,11,9,2.0,Mirana,dire,False,0.7,5.4,8.4,18.45
6002687174,3074,1621511683,4,11,28,2.0,Shadow Shaman,radiant,True,0.7,5.55,8.75,18.7
6005630590,3267,1621679107,4,9,28,2.0,Mirana,dire,False,0.65,5.65,9.0,19.55
6007514442,2971,1621770761,2,8,29,2.0,Mirana,radiant,True,0.65,5.35,8.8,19.85
6010539924,2388,1621944728,5,11,13,2.0,Mirana,radiant,True,0.7,5.25,8.7,19.45
6013505739,2758,1622116813,4,11,17,1.0,Mirana,dire,False,0.65,5.25,9.0,19.4
6014940103,2947,1622199722,4,13,21,2.0,Mirana,dire,False,0.6,5.25,9.1,19.25
6016766747,2346,1622291519,2,7,6,1.0,Mirana,radiant,False,0.6,5.1,8.85,19.05
6017995232,5105,1622353285,7,21,27,2.0,Mirana,dire,False,0.55,4.95,9.9,19.4
6018422997,2189,1622372373,3,13,9,2.0,Lion,radiant,False,0.5,4.7,10.1,18.9
6018490233,3633,1622375050,3,5,28,2.0,Mirana,dire,True,0.5,4.4,10.15,19.2
6019687198,2280,1622437694,2,11,13,3.0,Lion,radiant,False,0.45,4.3,10.0,18.3
6021396230,3157,1622535169,11,8,27,2.0,Mirana,dire,False,0.4,4.65,9.95,18.2
6024426370,3221,1622711116,3,9,31,2.0,Mirana,dire,True,0.4,4.4,10.05,18.45
6025765444,1942,1622789520,4,1,15,2.0,Lina,dire,True,0.45,4.35,9.75,18.4
6025799893,2091,1622791873,1,9,8,2.0,Mirana,dire,False,0.45,4.35,9.75,18.05
6026059682,2283,1622806577,7,7,18,2.0,Mirana,dire,True,0.5,4.5,9.55,18.5
6027783317,1835,1622895852,3,2,22,2.0,Mirana,radiant,True,0.5,4.35,9.05,19.2
6027839919,2202,1622898071,0,11,15,2.0,Mirana,dire,False,0.45,4.1,9.4,19.15
6029120748,2833,1622964493,3,10,26,2.0,Shadow Shaman,dire,True,0.45,3.7,9.4,19.5
6029429557,3552,1622977582,0,15,20,2.0,Shadow Shaman,radiant,False,0.45,3.6,9.6,20.05
6029535237,2777,1622981910,6,10,16,2.0,Mirana,dire,False,0.4,3.7,9.55,19.45
6030987659,1901,1623065731,2,6,13,2.0,Shadow Shaman,radiant,False,0.4,3.6,9.4,18.7
6031034863,2629,1623068014,4,8,21,2.0,Mirana,dire,False,0.35,3.7,9.4,18.3
6032481573,3185,1623154536,2,10,19,2.0,Lion,radiant,True,0.35,3.55,9.35,18.6
6033553624,2656,1623215449,2,9,11,2.0,Shadow Shaman,radiant,False,0.35,3.45,9.25,18.3
6033896384,1544,1623238342,3,5,12,2.0,Mirana,radiant,True,0.4,3.4,8.85,17.85
6033935335,2538,1623240258,7,6,7,2.0,Lina,radiant,False,0.4,3.65,8.8,17.9
6035057517,2478,1623309386,5,6,10,2.0,Mirana,dire,False,0.4,3.55,8.05,17.05
6038380759,2013,1623500890,2,2,24,5.0,Mirana,radiant,True,0.45,3.5,7.5,17.8
6038441697,2606,1623503322,2,8,17,5.0,Lina,dire,True,0.45,3.45,7.65,17.25
6039579414,2267,1623565927,3,7,11,2.0,Lion,dire,False,0.45,3.5,7.45,17.15
6039635394,2610,1623568737,1,12,17,2.0,Vengeful Spirit,radiant,False,0.45,3.0,7.65,16.65
6041267648,2463,1623654362,5,11,24,2.0,Mirana,radiant,False,0.4,3.1,7.75,16.3
6041323744,2535,1623657379,8,8,12,2.0,Mirana,dire,False,0.35,3.3,8.1,16.15
6041596176,2542,1623670691,5,10,24,2.0,Witch Doctor,dire,True,0.4,3.5,8.15,16.95
6041668841,2145,1623673700,4,4,16,2.0,Mirana,dire,True,0.4,3.35,8.0,16.85
6042800424,2086,1623741456,0,5,27,2.0,Shadow Shaman,dire,True,0.4,3.2,8.15,17.1
6042842964,3247,1623744391,1,13,16,2.0,Lion,dire,False,0.4,3.25,8.25,17.15
6044477613,2080,1623841516,2,4,23,2.0,Mirana,radiant,True,0.4,3.2,7.95,17.0
6044532412,2483,1623844232,1,7,32,2.0,Mirana,dire,True,0.45,3.25,7.55,17.6
6045922067,4011,1623929408,1,16,23,2.0,Shadow Shaman,dire,True,0.5,3.0,7.85,17.95
6047005674,3016,1623995862,4,12,11,2.0,Lina,radiant,False,0.5,3.1,8.15,17.85
6047389079,3691,1624018990,4,12,26,1.0,Mirana,dire,True,0.55,3.1,8.35,18.1
6049026191,2490,1624106929,9,4,15,1.0,Mirana,dire,True,0.55,3.45,8.05,17.9
6050243745,1933,1624172805,5,5,28,2.0,Mirana,dire,True,0.6,3.6,7.85,18.75
6052112171,1895,1624277151,4,5,18,2.0,Mirana,radiant,True,0.6,3.65,7.85,19.05
6052163598,3377,1624279325,5,13,16,2.0,Shadow Shaman,radiant,False,0.6,3.55,8.2,19.5
6054866531,2601,1624443850,3,9,20,2.0,Mirana,radiant,True,0.65,3.45,8.35,20.0
6057694185,2730,1624602900,2,10,14,2.0,Shadow Shaman,radiant,False,0.6,3.45,8.75,19.5
6058022743,2445,1624620819,6,8,22,1.0,Mirana,dire,True,0.6,3.65,8.75,19.75
6059229279,2211,1624679193,5,9,13,2.0,Mirana,dire,False,0.6,3.75,8.85,19.85
6060863161,2208,1624754388,5,7,25,2.0,Mirana,dire,True,0.65,3.95,8.6,20.25
6061711596,2486,1624795569,4,4,10,2.0,Mirana,radiant,False,0.65,3.9,8.25,19.55
6063334437,2186,1624881060,5,4,25,2.0,Lion,radiant,True,0.7,3.75,8.05,20.2
6064952011,2171,1624968714,2,16,14,2.0,Shadow Shaman,radiant,True,0.7,3.6,8.35,19.7
6066125158,2274,1625035110,6,5,24,2.0,Mirana,dire,True,0.7,3.7,8.4,20.1
6066167790,2739,1625038000,4,9,18,2.0,Mirana,dire,True,0.7,3.9,8.6,19.65
6067961206,4000,1625139118,4,12,22,2.0,Shadow Shaman,dire,True,0.75,4.05,8.55,19.95
6069120247,2749,1625202952,2,7,16,,Lina,radiant,True,0.75,4.05,8.7,19.6
6069164690,2464,1625206249,1,3,18,5.0,Mirana,radiant,False,0.7,4.05,8.5,18.9
6070872581,3195,1625298510,7,8,22,2.0,Shadow Shaman,radiant,True,0.7,4.35,8.1,18.85
6072319673,2034,1625368966,2,6,22,2.0,Mirana,dire,True,0.75,4.25,7.8,19.4
6072566228,2974,1625382450,3,10,23,2.0,Shadow Shaman,radiant,True,0.75,4.2,7.7,19.25
6072945343,3130,1625398440,2,10,8,2.0,Lion,dire,False,0.7,3.85,8.0,18.9
6073038319,4193,1625401901,7,12,35,,Mirana,dire,True,0.7,3.95,8.35,19.25
6074547771,2751,1625485991,3,11,19,2.0,Shadow Shaman,radiant,False,0.65,3.9,8.65,19.3
6074622636,2772,1625489081,5,9,25,2.0,Shadow Shaman,dire,True,0.7,3.9,8.45,19.75
6076052933,2479,1625571479,2,5,18,2.0,Shadow Shaman,dire,True,0.7,3.85,8.25,19.65
6077470264,2907,1625657214,5,7,25,2.0,Mirana,dire,True,0.75,4.0,8.1,20.2
6078431000,2287,1625708839,2,10,6,5.0,Shadow Shaman,dire,False,0.7,3.8,8.2,19.4
6078678888,2118,1625729023,0,5,21,2.0,Shadow Shaman,dire,True,0.75,3.55,8.0,19.8
6078928818,1936,1625743946,5,15,6,2.0,Shadow Shaman,dire,False,0.7,3.55,8.4,18.85
6078975396,2059,1625746192,0,11,5,2.0,Lion,dire,False,0.7,3.35,8.75,18.6
6079976035,2422,1625805611,3,0,0,4.0,Mirana,dire,True,0.7,3.25,8.55,17.35
6079995414,2740,1625807185,4,11,22,4.0,Shadow Shaman,dire,True,0.7,3.35,8.3,17.75
6080114477,3254,1625816079,5,12,25,2.0,Shadow Shaman,radiant,True,0.7,3.3,8.65,17.8
6081998205,2925,1625919597,5,10,20,2.0,Shadow Shaman,radiant,True,0.7,3.35,8.7,17.9
6083212173,1362,1625985588,1,3,18,3.0,Mirana,dire,True,0.7,3.2,8.25,17.7
6083615892,2128,1626003478,4,14,9,2.0,Mirana,dire,False,0.65,3.3,8.6,17.35
6083682301,2259,1626006061,2,8,17,2.0,Mirana,dire,True,0.7,3.35,8.85,17.3
6085103004,2230,1626089066,8,8,9,2.0,Lina,dire,False,0.65,3.4,8.85,16.65
6085173678,3659,1626092339,4,10,23,3.0,Mirana,radiant,True,0.65,3.5,9.05,16.7
6086563537,2444,1626176485,5,6,21,2.0,Shadow Shaman,dire,True,0.65,3.6,8.85,16.6
6087706168,2552,1626245100,11,8,19,2.0,Shadow Shaman,radiant,True,0.7,4.05,8.75,17.15
6088037908,3244,1626264704,6,13,20,5.0,Lina,radiant,False,0.65,4.0,8.8,16.4
6089031095,3109,1626321950,5,11,30,5.0,Mirana,radiant,True,0.7,4.1,8.8,16.95
6089470816,2763,1626350461,7,11,26,2.0,Shadow Shaman,radiant,True,0.7,4.2,8.9,17.0
6090689295,2301,1626422568,0,3,25,2.0,Mirana,dire,True,0.7,4.1,8.8,17.35
6090861456,1697,1626432718,6,3,12,2.0,Ogre Magi,radiant,True,0.7,4.15,8.6,16.7
6090901815,1696,1626434787,0,9,8,2.0,Ogre Magi,radiant,False,0.7,4.05,8.55,16.8
6090945295,2578,1626436851,4,12,7,2.0,Lina,radiant,False,0.65,4.25,8.9,16.1
6091792430,2335,1626477027,2,5,21,2.0,Shadow Shaman,dire,True,0.7,4.1,8.4,16.85
6092543974,3440,1626523120,5,17,30,2.0,Shadow Shaman,dire,False,0.7,4.35,8.7,18.1
6093907297,2521,1626594980,2,14,11,5.0,Shadow Shaman,radiant,False,0.65,4.3,9.4,18.65
6094208920,1878,1626608403,2,3,15,3.0,Shadow Shaman,dire,True,0.65,4.2,9.0,18.3
6095723262,2339,1626695947,5,12,12,2.0,Mirana,dire,False,0.6,4.2,9.0,17.65
6096914239,1978,1626766217,6,8,23,2.0,Shadow Shaman,radiant,True,0.6,4.25,8.9,17.8
6097210887,1856,1626782580,1,6,13,2.0,Mirana,dire,False,0.55,4.25,9.05,17.55
6098634398,3672,1626868420,5,14,30,2.0,Shadow Shaman,radiant,True,0.6,4.3,9.05,18.6
6099706416,2799,1626933287,1,11,13,2.0,Shadow Shaman,dire,False,0.55,4.25,9.2,18.4
6100014112,1905,1626953064,2,6,10,3.0,Mirana,dire,False,0.55,3.95,9.1,18.45
6100060802,2085,1626955345,4,9,8,3.0,Ogre Magi,radiant,False,0.5,3.95,9.05,17.7
6101055084,3077,1627015015,7,10,24,3.0,Shadow Shaman,dire,True,0.5,4.05,9.25,17.85
6103027581,2628,1627126963,1,9,13,3.0,Shadow Shaman,radiant,True,0.5,3.55,9.3,17.55
6104159072,2029,1627186307,3,7,7,4.0,Mirana,radiant,False,0.5,3.4,9.0,16.9
6104199025,2193,1627188777,4,10,12,5.0,Shadow Shaman,radiant,False,0.45,3.35,8.95,16.0
6104341280,2977,1627196372,0,15,23,3.0,Shadow Shaman,dire,False,0.4,3.0,9.15,15.85
6104685431,3282,1627211815,3,9,22,2.0,Lion,dire,True,0.4,3.15,9.45,15.7
6106229755,2967,1627299877,3,10,26,2.0,Shadow Shaman,dire,False,0.35,3.0,9.8,16.4
6107317595,2466,1627363692,7,5,19,3.0,Mirana,radiant,True,0.4,3.35,9.6,16.95
6107653351,1923,1627385130,8,6,23,2.0,Mirana,radiant,True,0.45,3.55,9.3,17.75
6107701798,2050,1627387465,3,6,17,2.0,Shadow Shaman,dire,True,0.45,3.6,9.35,17.55
6108669211,2090,1627443351,0,7,13,4.0,Shadow Shaman,dire,True,0.5,3.35,8.85,16.7
6109069847,1909,1627471029,1,11,11,2.0,Mirana,radiant,False,0.5,3.3,8.7,16.7
6109117060,2246,1627473313,2,8,10,2.0,Ogre Magi,dire,False,0.45,3.3,8.95,16.45
6110284184,2233,1627543333,3,11,10,2.0,Shadow Shaman,radiant,False,0.45,3.2,8.9,16.35
6110322793,2523,1627545917,4,12,14,2.0,Lina,radiant,True,0.45,3.1,9.1,15.9
6111763921,2179,1627627089,8,10,13,2.0,Shadow Shaman,dire,False,0.45,3.45,9.3,15.9
6111999320,2560,1627641899,3,12,20,2.0,Lion,dire,False,0.4,3.35,9.2,15.4
6112059701,1828,1627645013,2,3,21,2.0,Shadow Shaman,radiant,True,0.45,3.4,8.8,15.8
6115280679,1930,1627812841,1,6,8,2.0,Mirana,dire,False,0.45,3.35,8.8,15.7
6115330703,2447,1627815070,6,13,17,2.0,Shadow Shaman,radiant,False,0.45,3.45,9.0,16.15
6116873358,2192,1627903749,4,10,8,2.0,Shadow Shaman,dire,False,0.4,3.3,9.0,15.35
6116926693,2458,1627906253,1,10,17,2.0,Mirana,radiant,False,0.35,3.3,9.05,15.55
6118338418,3045,1627991376,4,11,27,5.0,Shadow Shaman,radiant,False,0.35,3.35,9.25,16.55
6119425739,2505,1628057578,4,8,20,2.0,Mirana,dire,False,0.35,3.35,9.15,16.95
6119464667,2592,1628060544,8,11,11,2.0,Shadow Shaman,radiant,False,0.35,3.75,8.95,16.35
6121107864,2599,1628161911,3,8,26,2.0,Lion,dire,True,0.35,3.75,8.9,16.55
6121181242,2446,1628165476,4,14,16,2.0,Shadow Shaman,radiant,False,0.35,3.8,9.1,16.05
6123705713,2179,1628311554,6,8,25,2.0,Shadow Shaman,dire,True,0.35,3.75,9.25,16.35
6123745145,2298,1628314025,1,8,18,2.0,Shadow Shaman,dire,True,0.35,3.4,9.35,16.1
6125606424,1952,1628409709,2,12,5,2.0,Shadow Shaman,dire,False,0.3,3.35,9.65,15.5
6125910048,2042,1628423153,4,15,17,2.0,Shadow Shaman,radiant,False,0.25,3.55,10.05,15.7
6125972763,2757,1628425589,0,13,13,2.0,Lion,radiant,False,0.25,3.5,10.15,15.8
6127387117,2048,1628508240,1,12,17,2.0,Shadow Shaman,radiant,False,0.25,3.45,10.35,16.15
6127439682,4272,1628510615,3,8,39,2.0,Mirana,dire,True,0.3,3.45,10.2,17.6
6128893692,2903,1628597507,7,13,35,2.0,Shadow Shaman,radiant,False,0.25,3.6,10.25,18.65
6130252904,1928,1628680382,6,5,19,2.0,Shadow Shaman,dire,True,0.3,3.5,10.0,18.95
6130301586,2003,1628682732,1,8,9,2.0,Mirana,radiant,False,0.3,3.4,9.8,18.4
6131696832,3507,1628765982,3,8,19,2.0,Lina,dire,False,0.25,3.45,10.05,18.3
