match_id,duration,start_time,kills,deaths,assists,party_size,hero,team,win,avg_win_rate_20,avg_kills_20,avg_deaths_20,avg_assists_20,max_kills_20,max_deaths_20,max_assists_20
5304318178,2850,1584757928,1,17,7,,Shadow Demon,dire,True,,,,,,,
5312881851,1724,1585130413,0,8,3,,Shadow Demon,dire,False,,,,,,,
5321141337,1945,1585478013,1,13,7,,Phantom Lancer,radiant,False,,,,,,,
5339906346,2695,1586257255,0,13,12,,Shadow Demon,radiant,False,,,,,,,
5340000113,1527,1586260585,2,10,1,,Shadow Demon,radiant,False,,,,,,,
5341936364,2940,1586345644,4,16,14,,Shadow Demon,dire,False,,,,,,,
5342096060,2092,1586349691,1,6,2,,Phantom Lancer,dire,False,,,,,,,
5345477062,1755,1586488617,3,9,3,,Shadow Demon,radiant,False,,,,,,,
5345529232,2154,1586491812,1,10,6,,Shadow Demon,dire,False,,,,,,,
5357257892,2637,1586954273,1,5,8,,Phantom Lancer,dire,True,,,,,,,
5362970767,2071,1587191217,1,9,1,,Phantom Lancer,radiant,False,,,,,,,
5363793210,3127,1587217866,1,12,14,,Dragon Knight,radiant,True,,,,,,,
5365813502,1641,1587294422,1,14,5,,Dragon Knight,radiant,False,,,,,,,
5365966295,1962,1587298825,1,10,4,,Dragon Knight,dire,False,,,,,,,
5366069045,3473,1587301494,2,12,8,,Phantom Lancer,radiant,False,,,,,,,
5367845714,4021,1587379480,3,10,15,,Dragon Knight,radiant,True,,,,,,,
5373805095,1915,1587640396,1,11,5,,Dragon Knight,dire,True,,,,,,,
5373871004,1460,1587642754,0,4,3,,Dragon Knight,dire,False,,,,,,,
5373932416,2622,1587644692,1,10,8,,Shadow Demon,radiant,False,,,,,,,
5377255210,2450,1587784494,1,9,7,,Dragon Knight,dire,False,0.25,1.3,10.4,6.65,4.0,17.0,15.0
5380196538,2067,1587903521,0,7,4,,Dragon Knight,radiant,False,0.2,1.25,9.9,6.5,4.0,16.0,15.0
5380295802,2567,1587906296,1,9,6,,Shadow Demon,dire,False,0.2,1.3,9.95,6.65,4.0,16.0,15.0
5382043642,2694,1587984106,1,9,7,,Shadow Demon,radiant,False,0.2,1.3,9.75,6.65,4.0,16.0,15.0
5382124467,5127,1587987102,3,11,13,,Shadow Demon,dire,False,0.2,1.45,9.65,6.7,4.0,16.0,15.0
5384129284,2838,1588075057,4,6,14,,Shadow Demon,radiant,True,0.25,1.55,9.45,7.35,4.0,16.0,15.0
5385866870,2194,1588156886,1,11,2,,Dragon Knight,dire,False,0.25,1.4,9.2,6.75,4.0,14.0,15.0
5385936131,3130,1588159795,1,7,17,,Dragon Knight,dire,True,0.3,1.4,9.25,7.5,4.0,14.0,17.0
5386077558,1560,1588164725,3,6,1,,Shadow Demon,dire,False,0.3,1.4,9.1,7.4,4.0,14.0,17.0
5389287228,2359,1588307828,2,14,0,,Phantom Lancer,dire,False,0.3,1.45,9.3,7.1,4.0,14.0,17.0
5389865172,2615,1588332243,1,6,17,,Shadow Demon,dire,True,0.3,1.45,9.35,7.55,4.0,14.0,17.0
5389960205,3300,1588335429,1,10,13,,Abaddon,dire,False,0.3,1.45,9.4,8.15,4.0,14.0,17.0
5390096399,3053,1588339425,5,8,16,,Abaddon,dire,True,0.3,1.65,9.2,8.25,5.0,14.0,17.0
5391969458,2393,1588419284,5,5,16,,Abaddon,dire,True,0.35,1.85,8.75,8.8,5.0,14.0,17.0
5392065127,3349,1588422483,1,6,4,,Shadow Demon,dire,False,0.35,1.85,8.55,8.8,5.0,14.0,17.0
5393546954,2844,1588484003,3,7,6,,Shadow Demon,dire,False,0.35,1.9,8.3,8.7,5.0,14.0,17.0
5393973171,2485,1588502184,2,5,17,,Abaddon,dire,True,0.35,1.85,8.05,8.8,5.0,14.0,17.0
5394054611,2866,1588505293,2,5,9,,Abaddon,radiant,False,0.3,1.9,7.75,9.0,5.0,14.0,17.0
5396037056,3140,1588588886,0,9,15,,Abaddon,radiant,True,0.35,1.9,8.0,9.6,5.0,14.0,17.0
5396139817,2348,1588592816,4,8,9,,Shadow Demon,dire,False,0.35,2.05,7.9,9.65,5.0,14.0,17.0
5398098460,2649,1588677635,0,11,9,,Abaddon,dire,False,0.35,2.0,8.0,9.75,5.0,14.0,17.0
5398197692,3235,1588681095,4,11,12,,Shadow Demon,dire,False,0.35,2.2,8.2,10.15,5.0,14.0,17.0
5401695107,2381,1588847095,2,11,15,,Shadow Demon,dire,True,0.4,2.25,8.3,10.6,5.0,14.0,17.0
5401760304,2927,1588849935,1,8,9,,Dragon Knight,radiant,True,0.45,2.25,8.25,10.7,5.0,14.0,17.0
5403691668,2294,1588940735,0,5,14,,Dragon Knight,radiant,True,0.5,2.1,7.95,10.75,5.0,14.0,17.0
5403776490,2822,1588943514,1,9,7,,Shadow Demon,radiant,False,0.45,1.95,8.1,10.4,5.0,14.0,17.0
5405309956,1950,1589016118,4,9,7,,Abaddon,radiant,False,0.45,2.1,8.0,10.65,5.0,14.0,17.0
5405370966,2323,1589018807,4,12,14,,Dragon Knight,radiant,False,0.4,2.25,8.25,10.5,5.0,14.0,17.0
5405438379,3249,1589021693,4,8,12,,Dragon Knight,radiant,True,0.45,2.3,8.35,11.05,5.0,14.0,17.0
5411019840,2273,1589277257,6,7,11,2.0,Phantom Lancer,radiant,True,0.5,2.5,8.0,11.6,6.0,12.0,17.0
5411082279,2458,1589280247,4,14,9,3.0,Dragon Knight,dire,False,0.45,2.65,8.4,11.2,6.0,14.0,17.0
5412391410,2170,1589342555,10,5,13,3.0,Phantom Lancer,dire,True,0.5,3.1,8.15,11.2,10.0,14.0,17.0
5414553953,2242,1589451399,12,4,18,2.0,Dragon Knight,radiant,True,0.5,3.45,7.95,11.3,12.0,14.0,18.0
5414613614,2299,1589454132,1,4,5,3.0,Dragon Knight,radiant,True,0.5,3.25,7.9,10.75,12.0,14.0,18.0
5414677364,2608,1589456742,1,12,10,3.0,Shadow Demon,dire,False,0.5,3.25,8.2,11.05,12.0,14.0,18.0
5418314283,2809,1589626943,3,7,15,5.0,Dragon Knight,dire,True,0.55,3.25,8.2,11.5,12.0,14.0,18.0
5418426589,2550,1589631071,1,4,27,5.0,Abaddon,radiant,True,0.55,3.2,8.15,12.0,12.0,14.0,27.0
5419776082,2006,1589685327,2,11,8,1.0,Shadow Demon,radiant,False,0.55,3.2,8.45,11.95,12.0,14.0,27.0
5422230023,2111,1589786753,0,8,4,2.0,Phantom Lancer,dire,False,0.5,3.2,8.4,11.4,12.0,14.0,27.0
5422540589,3209,1589800961,2,7,8,3.0,Phantom Lancer,dire,False,0.5,3.1,8.35,11.35,12.0,14.0,27.0
5424275892,3916,1589887253,5,17,31,5.0,Shadow Demon,radiant,True,0.55,3.35,8.65,12.45,12.0,17.0,31.0
5424405756,2280,1589892506,2,11,7,3.0,Dragon Knight,dire,False,0.55,3.25,8.65,12.2,12.0,17.0,31.0
5425428259,2780,1589945821,0,11,5,3.0,Legion Commander,dire,False,0.5,3.15,8.65,11.7,12.0,17.0,31.0
5425876595,3566,1589973429,0,11,16,5.0,Shadow Demon,radiant,False,0.45,3.1,8.8,12.05,12.0,17.0,31.0
5425989836,3858,1589978261,0,7,13,3.0,Legion Commander,dire,False,0.4,3.1,8.9,12.0,12.0,17.0,31.0
5427338189,2267,1590053218,1,4,9,2.0,Legion Commander,dire,True,0.45,3.1,8.65,12.1,12.0,17.0,31.0
5427394746,1887,1590056270,4,7,10,4.0,Abaddon,dire,False,0.45,3.1,8.55,12.25,12.0,17.0,31.0
5427448324,2791,1590059008,1,13,9,4.0,Legion Commander,dire,False,0.45,2.95,8.6,12.0,12.0,17.0,31.0
5428487593,2489,1590108384,3,7,9,4.0,Legion Commander,dire,True,0.45,2.9,8.55,11.85,12.0,17.0,31.0
5430356502,2400,1590209347,2,11,8,4.0,Legion Commander,radiant,False,0.4,2.7,8.75,11.7,12.0,17.0,31.0
5430412470,2787,1590212511,2,10,10,5.0,Dragon Knight,dire,False,0.4,2.6,8.55,11.75,12.0,17.0,31.0
5431982302,3506,1590281976,1,12,20,2.0,Legion Commander,radiant,True,0.4,2.15,8.9,12.1,12.0,17.0,31.0
5434656856,3018,1590411198,5,12,8,1.0,Legion Commander,radiant,False,0.35,1.8,9.3,11.6,5.0,17.0,31.0
5436371087,2653,1590489723,3,5,16,1.0,Abaddon,radiant,True,0.35,1.9,9.35,12.15,5.0,17.0,31.0
5437635058,3002,1590554887,4,11,25,1.0,Abaddon,radiant,True,0.4,2.05,9.3,12.9,5.0,17.0,31.0
5438164377,1473,1590579625,2,1,11,3.0,Abaddon,radiant,True,0.4,2.0,9.0,12.7,5.0,17.0,31.0
5439946944,2238,1590664258,2,7,6,1.0,Abaddon,dire,False,0.35,2.05,9.15,11.65,5.0,17.0,31.0
5442985987,3769,1590795112,1,13,21,2.0,Legion Commander,radiant,False,0.35,2.0,9.25,12.3,5.0,17.0,31.0
5445414028,1674,1590894870,2,3,19,3.0,Abaddon,dire,True,0.4,2.1,9.0,13.05,5.0,17.0,31.0
5445459602,2466,1590897282,3,4,21,2.0,Abaddon,dire,True,0.45,2.15,8.85,13.7,5.0,17.0,31.0
5449886580,2226,1591098885,2,5,17,1.0,Abaddon,radiant,True,0.45,2.0,8.25,13.0,5.0,13.0,25.0
5450971082,3224,1591148479,6,6,26,2.0,Abaddon,dire,True,0.5,2.2,8.0,13.95,6.0,13.0,26.0
5451112992,4024,1591158322,4,8,15,3.0,Legion Commander,radiant,True,0.55,2.4,7.85,14.45,6.0,13.0,26.0
5451600345,2178,1591184535,2,5,17,3.0,Abaddon,radiant,True,0.6,2.5,7.55,14.5,6.0,13.0,26.0
5454487078,1820,1591330206,2,4,8,3.0,Legion Commander,dire,True,0.65,2.6,7.4,14.25,6.0,13.0,26.0
5455185642,2502,1591364569,2,14,12,2.0,Abaddon,radiant,False,0.6,2.65,7.9,14.4,6.0,14.0,26.0
5458293372,2480,1591510869,2,8,8,1.0,Phantom Lancer,radiant,False,0.6,2.55,7.95,14.3,6.0,14.0,26.0
5459013454,2604,1591538026,4,6,11,2.0,Legion Commander,dire,True,0.65,2.7,7.6,14.4,6.0,14.0,26.0
5460422774,1603,1591614357,1,5,9,4.0,Abaddon,dire,True,0.65,2.6,7.5,14.4,6.0,14.0,26.0
5460479098,2936,1591616800,2,6,18,3.0,Abaddon,dire,True,0.7,2.6,7.25,14.9,6.0,14.0,26.0
5462071320,3064,1591701383,3,5,12,3.0,Abaddon,radiant,True,0.75,2.65,7.0,15.0,6.0,14.0,26.0
5463676777,2079,1591788611,2,1,9,3.0,Legion Commander,radiant,True,0.75,2.7,6.45,14.45,6.0,14.0,26.0
5464733063,1923,1591843032,1,10,6,1.0,Abaddon,dire,False,0.75,2.5,6.35,14.35,6.0,14.0,26.0
5466377531,3044,1591932200,4,8,19,1.0,Abaddon,dire,True,0.75,2.55,6.5,14.5,6.0,14.0,26.0
5466835888,2850,1591960808,3,4,21,3.0,Abaddon,dire,True,0.75,2.5,6.15,14.3,6.0,14.0,26.0
5466914489,2374,1591964184,4,5,9,3.0,Dragon Knight,radiant,False,0.7,2.6,6.35,14.2,6.0,14.0,26.0
5467794928,658,1592005155,0,1,1,1.0,Dragon Knight,dire,True,0.75,2.5,6.05,13.95,6.0,14.0,26.0
5467806784,3107,1592006216,4,10,15,1.0,Abaddon,radiant,True,0.8,2.65,5.9,13.65,6.0,14.0,26.0
5468200171,2817,1592031555,2,12,21,1.0,Abaddon,radiant,False,0.75,2.65,6.35,13.75,6.0,14.0,26.0
5468496449,3363,1592045183,3,6,17,3.0,Abaddon,dire,True,0.75,2.65,6.45,13.55,6.0,14.0,26.0
5468697975,2022,1592053218,4,11,3,3.0,Abaddon,dire,False,0.7,2.75,6.75,12.85,6.0,14.0,26.0
5468766617,2771,1592055585,3,11,8,3.0,Phantom Lancer,radiant,False,0.65,2.6,7.0,11.95,4.0,14.0,21.0
5469717078,2022,1592103440,4,4,11,2.0,Dragon Knight,radiant,True,0.65,2.6,6.8,11.75,4.0,14.0,21.0
5469777477,2629,1592106959,8,10,19,3.0,Legion Commander,radiant,True,0.65,2.9,7.05,11.85,8.0,14.0,21.0
5472027451,2596,1592219591,1,6,15,5.0,Abaddon,dire,True,0.65,2.85,7.15,12.2,8.0,14.0,21.0
5475035819,2835,1592390623,6,4,11,4.0,Dragon Knight,dire,False,0.65,3.05,6.65,12.15,8.0,12.0,21.0
5475100398,3847,1592394103,1,6,28,3.0,Abaddon,radiant,True,0.7,3.0,6.55,13.15,8.0,12.0,28.0
5475868744,2538,1592451937,2,15,6,4.0,Legion Commander,dire,False,0.65,2.9,7.0,12.9,8.0,15.0,28.0
5476239010,3705,1592475312,3,16,12,5.0,Dragon Knight,radiant,False,0.6,3.0,7.55,13.05,8.0,16.0,28.0
5476320295,2738,1592479636,5,8,19,5.0,Abaddon,radiant,False,0.55,3.15,7.65,13.1,8.0,16.0,28.0
5479212050,2098,1592656291,4,11,6,,Dragon Knight,radiant,False,0.5,3.2,7.95,12.8,8.0,16.0,28.0
5480038587,2261,1592703143,1,10,11,,Abaddon,radiant,False,0.45,3.15,8.4,12.9,8.0,16.0,28.0
5480655190,1816,1592738905,0,8,1,4.0,Abaddon,dire,False,0.45,3.1,8.3,12.65,8.0,16.0,28.0
5480702563,1891,1592741059,1,8,10,3.0,Abaddon,dire,False,0.4,2.95,8.3,12.2,8.0,16.0,28.0
5481449364,2843,1592780377,2,11,10,3.0,Abaddon,radiant,False,0.35,2.9,8.65,11.65,8.0,16.0,28.0
5482810447,2168,1592873377,0,9,8,2.0,Disruptor,radiant,False,0.35,2.7,8.85,11.6,8.0,16.0,28.0
5484180867,3301,1592968850,4,15,15,4.0,Disruptor,radiant,False,0.3,2.9,9.55,12.3,8.0,16.0,28.0
5488843892,2032,1593259644,2,2,15,2.0,Abaddon,radiant,True,0.3,2.8,9.15,12.3,8.0,16.0,28.0
5492508420,2146,1593480006,3,2,6,5.0,Abaddon,dire,True,0.35,2.85,8.65,11.55,8.0,16.0,28.0
5492605963,3645,1593488646,5,13,31,1.0,Abaddon,dire,False,0.3,2.95,9.0,12.25,8.0,16.0,31.0
5493956577,2133,1593571496,2,3,11,4.0,Legion Commander,dire,True,0.35,2.85,8.6,12.65,8.0,16.0,31.0
5494072489,3343,1593580856,8,13,17,1.0,Dragon Knight,radiant,False,0.35,3.1,8.7,13.1,8.0,16.0,31.0
5494382855,1735,1593601371,0,11,6,5.0,Abaddon,radiant,False,0.3,2.9,9.05,12.85,8.0,16.0,31.0
5494435096,2905,1593604026,1,13,12,5.0,Abaddon,radiant,False,0.25,2.55,9.2,12.5,8.0,16.0,31.0
5494532293,4280,1593608347,6,16,27,4.0,Dragon Knight,radiant,False,0.2,2.8,9.7,13.1,8.0,16.0,31.0
5495191593,2551,1593643336,4,9,17,2.0,Abaddon,radiant,False,0.2,2.7,9.95,13.4,8.0,16.0,31.0
5495412848,2826,1593665147,9,3,3,3.0,Phantom Lancer,radiant,True,0.2,3.1,9.8,12.15,9.0,16.0,31.0
5496602657,3984,1593737417,0,7,14,4.0,Dragon Knight,radiant,False,0.2,3.0,9.4,12.55,9.0,16.0,31.0
5499497728,1628,1593907566,1,12,2,1.0,Abaddon,dire,False,0.2,2.9,9.2,12.05,9.0,16.0,31.0
5499784317,1970,1593928637,3,12,11,2.0,Abaddon,radiant,False,0.2,2.8,9.4,11.65,9.0,16.0,31.0
5499829414,2509,1593931010,4,11,7,2.0,Phantom Lancer,radiant,False,0.2,2.8,9.4,11.7,9.0,16.0,31.0
5500200827,2670,1593949191,14,9,19,2.0,Legion Commander,radiant,True,0.25,3.45,9.35,12.1,14.0,16.0,31.0
5504312338,1994,1594211226,0,6,5,4.0,Legion Commander,radiant,True,0.3,3.45,9.25,12.3,14.0,16.0,31.0
5506868852,2771,1594382800,2,12,5,5.0,Phantom Lancer,dire,False,0.3,3.5,9.45,12.05,14.0,16.0,31.0
5506935042,2160,1594385875,6,6,9,5.0,Abaddon,radiant,True,0.35,3.7,9.2,12.0,14.0,16.0,31.0
5507871519,3378,1594445044,12,11,15,3.0,Dragon Knight,dire,False,0.35,4.3,9.3,12.35,14.0,16.0,31.0
5507960487,2126,1594450463,1,11,5,3.0,Abaddon,dire,False,0.35,4.15,9.1,11.85,14.0,16.0,31.0
5508005902,2009,1594453027,4,7,12,4.0,Dragon Knight,dire,True,0.35,4.25,9.35,11.7,14.0,16.0,31.0
5508245079,3198,1594466039,5,15,16,4.0,Abaddon,dire,False,0.3,4.35,10.0,12.2,14.0,16.0,31.0
5508339433,2866,1594470571,4,11,12,1.0,Abaddon,dire,True,0.35,4.3,9.9,11.25,14.0,16.0,27.0
5509128159,2462,1594513915,1,10,20,1.0,Dragon Knight,radiant,True,0.35,4.25,10.25,11.7,14.0,16.0,27.0
5509642194,1842,1594546160,1,10,6,1.0,Abaddon,radiant,False,0.35,3.9,10.1,11.15,14.0,16.0,27.0
5509696216,2578,1594548956,10,2,17,1.0,Abaddon,radiant,True,0.4,4.4,9.65,11.7,14.0,16.0,27.0
5512054418,2151,1594693343,1,12,8,1.0,Abaddon,radiant,False,0.4,4.4,9.6,11.5,14.0,16.0,27.0
5513811398,2512,1594788799,2,5,11,2.0,Phantom Lancer,dire,True,0.45,4.2,9.05,10.7,14.0,15.0,20.0
5513898275,2985,1594792334,3,16,17,1.0,Abaddon,radiant,False,0.45,4.15,9.4,10.7,14.0,16.0,20.0
5516978023,1934,1594899334,7,6,15,5.0,Abaddon,dire,True,0.45,4.05,9.55,11.3,14.0,16.0,20.0
5518364610,2995,1594947609,4,11,7,1.0,Abaddon,radiant,False,0.45,4.25,9.75,10.95,14.0,16.0,20.0
5521433936,2302,1595068760,2,5,12,4.0,Abaddon,dire,True,0.5,4.3,9.4,11.45,14.0,16.0,20.0
5521731817,2513,1595077929,1,10,7,5.0,Abaddon,radiant,False,0.5,4.2,9.3,11.25,14.0,16.0,20.0
5529732846,2636,1595421832,3,13,2,2.0,Dragon Knight,radiant,False,0.5,4.15,9.4,11.0,14.0,16.0,20.0
5532614159,1890,1595565310,1,9,5,3.0,Wraith King,radiant,False,0.45,3.5,9.4,10.3,12.0,16.0,20.0
5533001728,2072,1595587571,1,12,4,2.0,Wraith King,dire,False,0.4,3.55,9.7,10.25,12.0,16.0,20.0
5533089452,2056,1595591466,2,4,12,3.0,Abaddon,radiant,True,0.45,3.55,9.3,10.6,12.0,16.0,20.0
5533169568,2332,1595594530,2,4,5,4.0,Dragon Knight,dire,True,0.45,3.35,9.2,10.4,12.0,16.0,20.0
5533328718,2483,1595599765,4,10,3,4.0,Dragon Knight,dire,False,0.45,2.95,9.15,9.8,10.0,16.0,20.0
5536760172,2758,1595759772,2,8,15,3.0,Abaddon,radiant,True,0.5,3.0,9.0,10.3,10.0,16.0,20.0
5536847334,3010,1595763099,0,10,5,,Abaddon,radiant,True,0.5,2.8,9.15,9.95,10.0,16.0,20.0
5538136418,2024,1595823948,4,6,20,2.0,Wraith King,dire,True,0.55,2.75,8.7,10.15,10.0,16.0,20.0
5538180145,2574,1595826974,0,14,13,4.0,Wraith King,dire,False,0.5,2.55,8.85,10.2,10.0,16.0,20.0
5538601374,2545,1595850155,5,7,10,5.0,Wraith King,dire,True,0.5,2.75,8.7,9.7,10.0,16.0,20.0
5541283197,3859,1595983914,7,14,25,3.0,Abaddon,dire,True,0.55,3.05,8.9,10.65,10.0,16.0,25.0
5541650977,2615,1596009208,4,13,19,1.0,Abaddon,radiant,True,0.55,2.75,9.45,10.75,7.0,16.0,25.0
5542941276,3905,1596073649,4,12,14,4.0,Shadow Demon,radiant,False,0.55,2.9,9.45,11.05,7.0,16.0,25.0
5543580000,1759,1596111550,0,8,9,3.0,Wraith King,dire,False,0.5,2.8,9.6,10.95,7.0,16.0,25.0
5544397621,2729,1596148106,6,7,12,2.0,Dragon Knight,dire,True,0.55,2.95,9.15,10.7,7.0,14.0,25.0
5545110778,2607,1596194786,4,6,21,1.0,Abaddon,dire,True,0.55,2.8,9.15,11.0,7.0,14.0,25.0
5545194481,2246,1596198298,0,7,13,4.0,Abaddon,dire,True,0.6,2.6,8.95,11.3,7.0,14.0,25.0
5546787779,2561,1596277831,2,15,24,3.0,Disruptor,dire,True,0.6,2.6,9.45,11.9,7.0,15.0,25.0
5546870958,2631,1596281473,0,11,18,3.0,Disruptor,radiant,True,0.65,2.55,9.5,12.45,7.0,15.0,25.0
5547055978,3970,1596288342,3,14,21,4.0,Abaddon,radiant,True,0.7,2.55,9.55,13.4,7.0,15.0,25.0
5548258985,3210,1596349038,8,5,12,3.0,Phantom Lancer,dire,True,0.75,2.9,9.35,13.75,8.0,15.0,25.0
5548354919,3383,1596353078,6,6,27,4.0,Legion Commander,radiant,True,0.8,3.15,9.05,14.9,8.0,15.0,27.0
5548980116,2123,1596376776,2,10,7,1.0,Abaddon,dire,False,0.75,3.15,9.35,14.65,8.0,15.0,27.0
5549666528,2311,1596407121,0,7,19,2.0,Disruptor,radiant,True,0.75,3.05,9.5,15.35,8.0,15.0,27.0
5549948199,1670,1596429627,0,14,4,3.0,Disruptor,dire,False,0.75,2.85,9.7,15.4,8.0,15.0,27.0
5550484385,2070,1596459130,1,5,9,3.0,Abaddon,radiant,True,0.75,2.8,9.55,15.1,8.0,15.0,27.0
5551261635,2784,1596494654,9,8,15,2.0,Legion Commander,radiant,False,0.7,3.25,9.45,15.6,9.0,15.0,27.0
5552049721,2528,1596544847,4,12,8,,Legion Commander,dire,False,0.65,3.25,9.75,15.0,9.0,15.0,27.0
5553144064,2356,1596608321,1,8,14,1.0,Abaddon,radiant,False,0.65,3.3,9.45,15.05,9.0,15.0,27.0
5553431547,2289,1596625320,2,6,24,4.0,Legion Commander,radiant,True,0.65,3.15,9.4,15.75,9.0,15.0,27.0
5553491589,3272,1596628149,6,5,26,4.0,Abaddon,radiant,True,0.65,3.1,8.95,15.8,9.0,15.0,27.0
5554893104,2708,1596710021,1,8,9,3.0,Abaddon,radiant,False,0.6,2.95,8.7,15.3,9.0,15.0,27.0
5554978787,2895,1596714267,7,14,9,4.0,Abaddon,radiant,False,0.6,3.1,8.8,15.05,9.0,15.0,27.0
5555067282,2215,1596717955,1,4,15,3.0,Shadow Demon,radiant,True,0.65,3.15,8.6,15.35,9.0,15.0,27.0
5555802295,1877,1596752568,1,5,1,2.0,Phantom Lancer,dire,False,0.6,2.9,8.5,14.8,9.0,15.0,27.0
5556167043,2928,1596782116,2,9,16,1.0,Shadow Demon,radiant,True,0.6,2.8,8.65,14.55,9.0,15.0,27.0
5557873600,3392,1596874207,7,12,19,1.0,Phantom Lancer,dire,True,0.6,3.15,8.9,14.85,9.0,15.0,27.0
5558244085,3510,1596891035,3,14,8,3.0,Shadow Demon,radiant,False,0.55,3.2,8.85,14.05,9.0,14.0,27.0
5559385520,2116,1596951449,1,12,8,2.0,Legion Commander,dire,False,0.5,3.25,8.9,13.55,9.0,14.0,27.0
5559438854,2594,1596954062,2,12,14,4.0,Abaddon,dire,False,0.45,3.2,8.8,13.2,9.0,14.0,27.0
5560766534,2492,1597012810,5,10,15,2.0,Lich,radiant,False,0.4,3.05,9.05,13.35,9.0,14.0,27.0
5561085413,2619,1597039239,1,6,15,1.0,Abaddon,dire,True,0.4,2.8,9.05,12.75,9.0,14.0,26.0
5561390582,3315,1597057674,1,18,9,5.0,Doom,radiant,False,0.4,2.75,9.45,12.85,9.0,18.0,26.0
5562879051,2557,1597143220,1,10,9,3.0,Abaddon,dire,False,0.35,2.8,9.6,12.35,9.0,18.0,26.0
5562997367,2928,1597148705,7,9,14,2.0,Dragon Knight,dire,False,0.35,3.15,9.35,12.85,9.0,18.0,26.0
5564021601,3264,1597207887,6,11,25,1.0,Shadow Demon,radiant,False,0.3,3.4,9.65,13.65,9.0,18.0,26.0
5564144093,4158,1597216489,4,17,27,4.0,Shadow Demon,dire,False,0.3,3.15,10.1,14.25,7.0,18.0,27.0
5565960789,2619,1597321932,3,9,6,3.0,Dragon Knight,radiant,False,0.3,3.1,9.95,14.15,7.0,18.0,27.0
5566054218,3613,1597325572,5,11,16,3.0,Abaddon,dire,False,0.3,3.3,10.1,14.25,7.0,18.0,27.0
5566690937,2393,1597357473,3,7,23,1.0,Ogre Magi,radiant,True,0.3,3.35,10.15,14.2,7.0,18.0,27.0
5568402996,2472,1597464092,1,7,12,4.0,Ogre Magi,dire,False,0.25,3.1,10.25,13.5,7.0,18.0,27.0
5568454030,3497,1597467364,2,9,10,5.0,Ogre Magi,radiant,False,0.25,3.15,10.3,13.55,7.0,18.0,27.0
5570595999,2068,1597575977,6,7,11,3.0,Dragon Knight,dire,True,0.3,3.1,9.95,13.65,7.0,18.0,27.0
5572969542,2405,1597702725,3,9,3,1.0,Abaddon,radiant,False,0.25,3.2,10.2,13.05,7.0,18.0,27.0
5573294957,2977,1597730929,1,8,13,1.0,Abaddon,radiant,True,0.3,3.2,10.35,13.65,7.0,18.0,27.0
5573571688,3038,1597748068,6,4,20,3.0,Abaddon,radiant,True,0.3,3.4,10.1,13.85,7.0,18.0,27.0
5574450643,1678,1597791199,4,4,3,1.0,Legion Commander,radiant,True,0.3,3.25,9.7,13.05,7.0,18.0,27.0
5574523055,3956,1597798132,1,15,22,3.0,Ogre Magi,radiant,False,0.3,3.15,9.75,13.75,7.0,18.0,27.0
5575859282,2748,1597875726,4,10,11,1.0,Abaddon,radiant,False,0.3,3.3,9.65,13.9,7.0,18.0,27.0
5576487345,1995,1597922078,5,12,5,2.0,Dragon Knight,dire,False,0.3,3.45,9.65,13.45,7.0,18.0,27.0
5576540889,1793,1597924687,0,2,19,2.0,Abaddon,radiant,True,0.35,3.2,9.25,13.65,7.0,18.0,27.0
5576601832,2293,1597927318,2,13,9,2.0,Ogre Magi,dire,False,0.3,3.25,9.6,13.35,7.0,18.0,27.0
5577962319,2476,1598010357,3,9,14,4.0,Ogre Magi,radiant,False,0.3,3.35,9.15,13.6,7.0,17.0,27.0
5579195721,3845,1598078523,5,12,16,1.0,Dragon Knight,radiant,False,0.3,3.55,9.25,13.95,7.0,17.0,27.0
5580559336,3836,1598147568,3,18,26,5.0,Dragon Knight,radiant,False,0.3,3.35,9.7,14.55,6.0,18.0,27.0
5582058023,3410,1598219530,4,10,8,1.0,Abaddon,dire,False,0.3,3.25,9.65,13.7,6.0,18.0,27.0
5583792754,2898,1598329245,1,9,16,1.0,Shadow Demon,dire,True,0.35,3.1,9.25,13.15,6.0,18.0,26.0
5584135084,1964,1598352156,4,2,8,5.0,Dragon Knight,dire,True,0.4,3.15,8.9,13.25,6.0,18.0,26.0
5584193703,3177,1598355235,6,8,9,4.0,Dragon Knight,radiant,False,0.4,3.2,8.75,12.9,6.0,18.0,26.0
5585415720,2349,1598427880,1,12,7,1.0,Chaos Knight,dire,False,0.35,3.1,9.0,12.1,6.0,18.0,26.0
5587102561,3413,1598527624,4,9,23,4.0,Abaddon,dire,True,0.4,3.25,9.1,12.65,6.0,18.0,26.0
5587906944,2920,1598566776,6,14,17,1.0,Abaddon,dire,False,0.4,3.45,9.35,13.0,6.0,18.0,26.0
5588015935,3715,1598577667,17,10,13,2.0,Chaos Knight,dire,False,0.35,4.0,9.5,13.1,17.0,18.0,26.0
5588781868,2383,1598621907,11,4,7,5.0,Chaos Knight,dire,True,0.4,4.4,9.25,13.3,17.0,18.0,26.0
5590607104,2875,1598711191,16,7,20,4.0,Chaos Knight,radiant,True,0.4,5.15,9.2,13.65,17.0,18.0,26.0
5591354556,3296,1598750170,9,8,14,5.0,Chaos Knight,radiant,True,0.4,5.3,9.4,13.35,17.0,18.0,26.0
5591706842,1948,1598770764,5,11,18,1.0,Abaddon,radiant,True,0.4,5.35,9.75,14.1,17.0,18.0,26.0
5593003939,2194,1598826828,2,7,15,1.0,Chaos Knight,dire,True,0.45,5.4,9.35,13.75,17.0,18.0,26.0
5593265822,2118,1598849198,1,12,5,3.0,Chaos Knight,dire,False,0.45,5.25,9.45,13.45,17.0,18.0,26.0
5594490782,2238,1598912999,6,5,19,1.0,Abaddon,dire,True,0.5,5.3,9.1,14.15,17.0,18.0,26.0
5594598428,2149,1598923858,2,3,17,4.0,Abaddon,dire,True,0.5,5.4,9.15,14.05,17.0,18.0,26.0
5595056074,2947,1598956147,0,4,6,5.0,Abaddon,dire,True,0.55,5.3,8.7,13.9,17.0,18.0,26.0
5595125239,2742,1598959776,9,13,14,5.0,Chaos Knight,radiant,True,0.6,5.6,8.9,13.9,17.0,18.0,26.0
5595237113,2575,1598964594,10,10,13,2.0,Chaos Knight,radiant,False,0.6,5.85,8.8,13.75,17.0,18.0,26.0
5595934919,2795,1598999719,4,10,20,1.0,Abaddon,radiant,True,0.65,5.9,8.4,13.45,17.0,14.0,23.0
5596617986,3105,1599050191,7,10,14,1.0,Abaddon,radiant,False,0.65,6.05,8.4,13.75,17.0,14.0,23.0
5597618790,2437,1599114340,6,5,19,3.0,Abaddon,dire,True,0.65,6.3,8.2,13.9,17.0,14.0,23.0
5597664507,2601,1599117770,4,6,19,3.0,Abaddon,dire,True,0.65,6.3,8.4,14.45,17.0,14.0,23.0
5598667507,2334,1599172304,2,10,5,1.0,Dragon Knight,radiant,False,0.65,6.1,8.5,14.25,17.0,14.0,23.0
5600143773,4510,1599265105,10,10,32,3.0,Abaddon,dire,True,0.7,6.55,8.4,15.5,17.0,14.0,32.0
5600449108,3443,1599287321,8,11,9,4.0,Chaos Knight,dire,False,0.65,6.75,8.5,14.8,17.0,14.0,32.0
5600825130,1830,1599305942,2,3,15,3.0,Abaddon,radiant,True,0.7,6.55,7.95,14.7,17.0,13.0,32.0
5600881072,3115,1599308286,13,9,15,4.0,Chaos Knight,dire,True,0.75,6.35,7.9,14.8,16.0,13.0,32.0
5600979173,3294,1599311974,10,8,5,5.0,Chaos Knight,dire,False,0.7,6.3,8.1,14.7,16.0,13.0,32.0
5602077959,2896,1599372865,3,9,17,1.0,Ogre Magi,dire,True,0.7,5.65,8.2,14.55,13.0,13.0,32.0
5603362166,2994,1599432830,7,9,12,1.0,Dragon Knight,radiant,False,0.65,5.55,8.25,14.45,13.0,13.0,32.0
5603948598,2139,1599478347,5,6,26,4.0,Abaddon,dire,True,0.65,5.55,8.0,14.85,13.0,13.0,32.0
5604732744,2066,1599513990,1,10,1,1.0,Legion Commander,radiant,False,0.6,5.5,8.15,14.15,13.0,13.0,32.0
5605072513,2273,1599544655,3,8,11,1.0,Abaddon,dire,False,0.6,5.6,7.95,14.45,13.0,13.0,32.0
5606486250,1950,1599631777,2,11,10,1.0,Abaddon,dire,False,0.55,5.4,8.25,14.0,13.0,13.0,32.0
5606705290,2666,1599646943,8,7,13,3.0,Chaos Knight,radiant,True,0.55,5.7,8.45,13.8,13.0,13.0,32.0
5606763330,2091,1599650277,3,11,7,5.0,Abaddon,dire,False,0.5,5.85,8.8,13.85,13.0,13.0,32.0
5608265899,1768,1599742958,10,3,8,3.0,Chaos Knight,radiant,True,0.5,5.9,8.3,13.55,13.0,11.0,32.0
5608951294,2644,1599778283,1,4,10,1.0,Dragon Knight,dire,True,0.55,5.45,8.0,13.4,13.0,11.0,32.0
5609541154,2229,1599824554,5,7,13,5.0,Chaos Knight,radiant,True,0.55,5.5,7.85,13.05,13.0,11.0,32.0
5609600332,3844,1599827223,7,10,20,,Legion Commander,dire,True,0.6,5.5,7.85,13.35,13.0,11.0,32.0
5610712126,2146,1599890033,21,2,13,4.0,Chaos Knight,radiant,True,0.6,6.25,7.7,13.05,21.0,11.0,32.0
5610762106,2363,1599892866,10,5,15,5.0,Chaos Knight,radiant,True,0.6,6.55,7.65,12.85,21.0,11.0,32.0
5612253866,2230,1599970445,4,8,9,4.0,Chaos Knight,dire,False,0.6,6.65,7.55,13.05,21.0,11.0,32.0
5612298410,2475,1599973204,2,11,7,1.0,Abaddon,dire,False,0.55,6.25,7.6,11.8,21.0,11.0,26.0
5616710424,2384,1600238325,1,8,11,1.0,Abaddon,dire,False,0.55,5.9,7.45,11.9,21.0,11.0,26.0
5616998567,2484,1600257064,5,1,10,5.0,Phantom Lancer,dire,True,0.55,6.05,7.35,11.65,21.0,11.0,26.0
5617063767,2129,1600260043,13,6,11,3.0,Chaos Knight,dire,True,0.55,6.05,7.2,11.45,21.0,11.0,26.0
5617987735,2764,1600319340,4,10,8,2.0,Chaos Knight,radiant,True,0.6,5.75,7.3,11.6,21.0,11.0,26.0
5619245546,2615,1600396771,8,12,8,3.0,Chaos Knight,dire,True,0.6,6.0,7.45,11.15,21.0,12.0,26.0
5619727919,2633,1600431291,11,12,8,4.0,Chaos Knight,dire,True,0.65,6.2,7.6,10.95,21.0,12.0,26.0
5619803614,2722,1600434537,3,10,13,4.0,Shadow Demon,dire,False,0.6,6.1,7.8,10.3,21.0,12.0,20.0
5620600461,2645,1600478245,4,9,16,2.0,Ogre Magi,radiant,True,0.65,6.25,7.75,11.05,21.0,12.0,20.0
5622236893,2986,1600561363,1,13,13,1.0,Abaddon,dire,False,0.65,6.15,8.0,11.15,21.0,13.0,20.0
5622395805,2676,1600573567,3,9,18,2.0,Ogre Magi,dire,False,0.65,6.2,7.9,11.55,21.0,13.0,20.0
5622556100,2086,1600582591,2,4,10,5.0,Chaos Knight,dire,True,0.65,5.9,7.75,11.4,21.0,13.0,20.0
5622611547,2691,1600585269,3,10,16,5.0,Chaos Knight,dire,True,0.7,5.9,7.7,11.85,21.0,13.0,20.0
5625526921,1301,1600756130,0,2,0,2.0,Abaddon,dire,False,0.65,5.4,7.65,11.45,21.0,13.0,20.0
5625534733,2079,1600756751,5,9,26,2.0,Ogre Magi,dire,True,0.65,5.6,7.9,12.25,21.0,13.0,26.0
5626665618,1880,1600821640,9,2,18,3.0,Chaos Knight,dire,True,0.65,5.8,7.65,12.5,21.0,13.0,26.0
5626903199,3156,1600843085,3,14,21,3.0,Chaos Knight,dire,False,0.6,5.6,7.85,12.55,21.0,14.0,26.0
5627151735,2306,1600859812,8,6,24,4.0,Ogre Magi,dire,True,0.6,4.95,8.05,13.1,13.0,14.0,26.0
5627204968,3276,1600862495,14,8,16,5.0,Chaos Knight,radiant,True,0.6,5.15,8.2,13.15,14.0,14.0,26.0
5629532646,2594,1601011971,8,8,13,4.0,Chaos Knight,radiant,True,0.65,5.35,8.2,13.35,14.0,14.0,26.0
5629782873,2188,1601030088,11,7,14,4.0,Chaos Knight,radiant,True,0.7,5.8,8.0,13.7,14.0,14.0,26.0
5629838519,2218,1601033346,6,8,16,4.0,Chaos Knight,radiant,True,0.75,6.05,8.0,13.95,14.0,14.0,26.0
5629899801,1979,1601036429,8,4,5,4.0,Chaos Knight,radiant,True,0.75,6.2,8.15,13.7,14.0,14.0,26.0
5629954010,2914,1601038804,9,11,13,5.0,Chaos Knight,dire,False,0.7,6.0,8.4,13.8,14.0,14.0,26.0
5630905945,2366,1601095102,8,10,14,3.0,Chaos Knight,dire,False,0.65,6.2,8.4,14.1,14.0,14.0,26.0
5632595641,2198,1601190764,17,6,14,1.0,Chaos Knight,radiant,True,0.65,6.65,8.1,14.4,17.0,14.0,26.0
5633910742,2990,1601265929,4,12,8,2.0,Chaos Knight,radiant,False,0.6,6.3,8.1,14.4,17.0,14.0,26.0
5633993486,2139,1601273183,1,8,17,1.0,Abaddon,radiant,True,0.65,6.2,8.0,14.6,17.0,14.0,26.0
5634197506,2836,1601288399,1,11,7,3.0,Lich,dire,True,0.65,6.05,8.1,14.15,17.0,14.0,26.0
5634249510,3406,1601291513,4,16,18,4.0,Lich,dire,False,0.65,6.2,8.25,14.4,17.0,16.0,26.0
5634337600,2842,1601295919,12,6,20,2.0,Chaos Knight,dire,True,0.7,6.65,8.1,14.5,17.0,16.0,26.0
5635300506,3550,1601356943,12,15,24,2.0,Chaos Knight,dire,True,0.7,7.15,8.65,15.2,17.0,16.0,26.0
5635354012,3074,1601361406,4,13,18,1.0,Lich,radiant,False,0.65,7.2,8.8,15.3,17.0,16.0,26.0
5636719059,2250,1601449368,3,8,18,1.0,Lich,dire,True,0.7,7.35,9.1,16.2,17.0,16.0,26.0
5636918521,2717,1601463244,5,8,29,5.0,Lich,dire,True,0.7,7.35,9.05,16.35,17.0,16.0,29.0
5636986399,2311,1601467094,8,6,21,4.0,Chaos Knight,dire,True,0.7,7.3,9.25,16.5,17.0,16.0,29.0
5637864496,3063,1601520009,5,9,18,1.0,Lich,dire,False,0.7,7.4,9.0,16.35,17.0,16.0,29.0
5639382273,2583,1601620680,3,11,14,1.0,Lich,dire,False,0.65,7.15,9.25,15.85,17.0,16.0,29.0
5639658581,2999,1601638104,5,9,20,5.0,Lich,dire,True,0.65,6.7,9.3,16.05,17.0,16.0,29.0
5639730231,2772,1601641748,13,9,14,4.0,Chaos Knight,dire,True,0.65,6.95,9.35,16.1,17.0,16.0,29.0
5642624714,2499,1601811316,5,9,3,3.0,Chaos Knight,radiant,False,0.6,6.65,9.45,15.55,17.0,16.0,29.0
5643947156,2004,1601892348,4,5,15,3.0,Lich,dire,True,0.6,6.55,9.3,15.5,17.0,16.0,29.0
5645088220,4330,1601962661,6,14,27,3.0,Lich,radiant,True,0.6,6.45,9.8,16.6,17.0,16.0,29.0
5646497171,1964,1602049946,12,5,15,3.0,Chaos Knight,radiant,True,0.65,6.6,9.5,16.7,17.0,16.0,29.0
5647884760,2331,1602135521,5,10,5,1.0,Lich,radiant,False,0.65,6.45,9.5,16.25,17.0,16.0,29.0
5649276133,1866,1602223565,4,3,13,3.0,Lich,radiant,True,0.65,5.8,9.35,16.2,13.0,16.0,29.0
5649312429,2330,1602226525,6,1,20,2.0,Dragon Knight,radiant,True,0.7,5.9,8.8,16.8,13.0,16.0,29.0
5649510400,2078,1602240344,6,6,20,3.0,Lich,radiant,True,0.7,6.15,8.7,16.95,13.0,16.0,29.0
5649556235,3374,1602242908,4,14,19,3.0,Lich,dire,True,0.7,6.3,8.85,17.55,13.0,16.0,29.0
5650595590,2109,1602305770,13,8,22,1.0,Chaos Knight,radiant,True,0.75,6.75,8.45,17.75,13.0,15.0,29.0
5650632342,2607,1602308680,12,7,13,3.0,Chaos Knight,dire,True,0.75,6.75,8.5,17.4,13.0,15.0,29.0
5650906915,3597,1602326878,8,12,9,5.0,Chaos Knight,dire,False,0.7,6.55,8.35,16.65,13.0,14.0,29.0
5652059863,2797,1602393429,13,8,15,2.0,Chaos Knight,dire,True,0.75,7.0,8.1,16.5,13.0,14.0,29.0
5653847309,2383,1602505019,13,9,13,2.0,Chaos Knight,radiant,False,0.7,7.5,8.15,16.25,13.0,14.0,29.0
5654648874,2771,1602556222,6,11,11,1.0,Legion Commander,radiant,True,0.7,7.55,8.3,15.35,13.0,14.0,27.0
5655161972,1735,1602593754,10,3,9,2.0,Chaos Knight,radiant,True,0.7,7.65,8.15,14.75,13.0,14.0,27.0
5655822249,2631,1602633884,11,8,22,1.0,Chaos Knight,radiant,True,0.75,7.95,8.1,14.95,13.0,14.0,27.0
5656011356,3846,1602654065,6,13,13,1.0,Chaos Knight,dire,True,0.8,8.1,8.2,14.9,13.0,14.0,27.0
5656436678,4075,1602681400,8,14,19,2.0,Chaos Knight,radiant,False,0.75,8.25,8.45,14.85,13.0,14.0,27.0
5657201423,3123,1602733442,3,13,20,3.0,Lich,radiant,True,0.75,7.75,8.65,15.15,13.0,14.0,27.0
5657665563,3220,1602766027,7,14,19,1.0,Chaos Knight,dire,True,0.8,7.85,8.9,15.95,13.0,14.0,27.0
5658339442,1875,1602807242,6,3,12,4.0,Lich,radiant,True,0.8,7.95,8.8,15.8,13.0,14.0,27.0
5658538877,2719,1602827068,4,13,13,2.0,Lich,radiant,False,0.75,7.85,8.75,15.1,13.0,14.0,22.0
5659719715,1982,1602894626,0,10,2,2.0,Lich,dire,False,0.7,7.25,9.0,14.45,13.0,14.0,22.0
5659786144,1913,1602901134,0,8,2,1.0,Chaos Knight,radiant,False,0.7,7.0,8.9,14.3,13.0,14.0,22.0
5659815501,1832,1602903505,7,2,13,5.0,Chaos Knight,radiant,True,0.7,7.15,8.85,14.3,13.0,14.0,22.0
5659854789,2951,1602906498,2,11,17,5.0,Lich,radiant,True,0.7,6.95,9.35,14.15,13.0,14.0,22.0
5661382338,1978,1602991464,10,3,8,2.0,Chaos Knight,radiant,True,0.7,7.15,9.2,13.55,13.0,14.0,22.0
5661436233,2086,1602995321,0,7,3,5.0,Phantom Lancer,dire,False,0.65,6.95,8.85,12.75,13.0,14.0,22.0
5662807478,2060,1603067904,1,7,3,1.0,Chaos Knight,dire,False,0.6,6.35,8.8,11.8,13.0,14.0,22.0
5664034278,2479,1603147511,9,7,17,3.0,Lich,radiant,True,0.6,6.2,8.8,12.0,13.0,14.0,22.0
5664444554,3068,1603186185,9,6,36,4.0,Shadow Demon,radiant,True,0.65,6.25,8.5,13.35,13.0,14.0,36.0
5664510975,1772,1603190616,0,0,10,3.0,Abaddon,radiant,True,0.65,5.6,8.1,13.1,13.0,14.0,36.0
5664550443,4095,1603192911,12,8,14,1.0,Phantom Lancer,dire,False,0.65,5.55,8.05,13.15,12.0,14.0,36.0
5665538796,2159,1603258915,2,9,5,2.0,Abaddon,radiant,False,0.6,5.35,7.95,12.85,12.0,14.0,36.0
5666735236,3002,1603337253,4,9,11,2.0,Chaos Knight,radiant,True,0.6,5.05,8.25,12.95,12.0,14.0,36.0
5667958910,2312,1603417338,5,10,5,1.0,Shadow Demon,radiant,False,0.55,4.75,8.35,12.1,12.0,14.0,36.0
5668334983,2602,1603448078,3,11,14,3.0,Shadow Demon,dire,True,0.55,4.6,8.25,12.15,12.0,14.0,36.0
5668389211,2613,1603451377,6,11,15,3.0,Lich,radiant,True,0.6,4.5,8.1,11.95,12.0,14.0,36.0
5669455263,2654,1603514124,4,4,27,2.0,Shadow Demon,dire,True,0.6,4.55,7.65,12.3,12.0,14.0,36.0
5669498137,1449,1603517145,5,0,6,4.0,Phantom Lancer,radiant,True,0.6,4.45,6.95,11.65,12.0,13.0,36.0
5671363556,2956,1603620847,4,12,7,5.0,Chaos Knight,radiant,False,0.55,4.35,7.4,11.4,12.0,13.0,36.0
5671433979,2533,1603624261,9,7,6,3.0,Chaos Knight,dire,False,0.55,4.6,7.1,11.05,12.0,12.0,36.0
5672396367,3378,1603677344,6,16,20,2.0,Lich,radiant,False,0.55,4.9,7.4,11.95,12.0,16.0,36.0
5673806838,2276,1603773439,3,14,17,1.0,Lich,radiant,False,0.55,5.05,7.7,12.7,12.0,16.0,36.0
5674021156,2321,1603790703,2,8,8,5.0,Abaddon,dire,False,0.5,4.8,8.0,12.45,12.0,16.0,36.0
5676799204,3624,1603971229,3,13,25,3.0,Lich,dire,True,0.5,4.85,8.1,12.85,12.0,16.0,36.0
5682840102,1794,1604267710,6,5,9,3.0,Lich,radiant,True,0.5,4.65,8.2,12.9,12.0,16.0,36.0
5683424865,2105,1604313021,1,9,12,3.0,Lich,radiant,True,0.55,4.7,8.3,13.35,12.0,16.0,36.0
5684376446,3000,1604355139,6,8,17,2.0,Lich,dire,True,0.6,4.95,8.35,14.05,12.0,16.0,36.0
5684895891,2513,1604398478,0,9,6,4.0,Abaddon,dire,False,0.55,4.5,8.45,13.5,12.0,16.0,36.0
5685958299,2973,1604456342,15,8,17,2.0,Chaos Knight,dire,True,0.55,4.8,8.55,12.55,15.0,16.0,27.0
5686344522,2359,1604485684,3,13,5,2.0,Chaos Knight,radiant,False,0.5,4.95,9.2,12.3,15.0,16.0,27.0
5689196782,2092,1604661838,3,7,8,3.0,Abaddon,dire,True,0.55,4.5,9.15,12.0,15.0,16.0,27.0
5689253887,2869,1604664623,11,13,26,1.0,Lich,dire,True,0.6,4.95,9.35,13.05,15.0,16.0,27.0
5690469014,4670,1604733094,14,15,37,1.0,Lich,radiant,False,0.55,5.45,9.65,14.35,15.0,16.0,37.0
5690761586,2883,1604748507,9,12,10,,Chaos Knight,radiant,True,0.6,5.65,9.75,14.6,15.0,16.0,37.0
5691724254,3104,1604792538,7,9,18,1.0,Lich,radiant,False,0.55,5.85,9.65,14.8,15.0,16.0,37.0
5693766516,1554,1604917160,4,5,5,1.0,Lich,radiant,False,0.5,5.75,9.35,14.3,15.0,16.0,37.0
5693810624,3274,1604919847,8,8,21,3.0,Dragon Knight,dire,True,0.5,5.95,9.55,14.0,15.0,16.0,37.0
5694908792,3079,1604988925,3,9,16,2.0,Shadow Demon,radiant,True,0.5,5.85,10.0,14.5,15.0,16.0,37.0
5696375151,3627,1605086299,6,18,18,5.0,Lich,dire,True,0.55,5.95,10.3,15.05,15.0,18.0,37.0
5696438987,3036,1605090706,1,10,8,5.0,Lich,dire,False,0.55,5.55,10.45,15.15,15.0,18.0,37.0
5697316229,3570,1605140045,6,9,31,1.0,Abaddon,dire,True,0.6,5.55,10.1,15.7,15.0,18.0,37.0
5697752753,2322,1605177800,0,9,2,3.0,Abaddon,dire,False,0.6,5.4,9.85,14.95,15.0,18.0,37.0
5698747099,2552,1605240489,4,15,20,1.0,Lich,radiant,True,0.65,5.5,10.2,15.55,15.0,18.0,37.0
5699940830,2554,1605308594,3,6,9,1.0,Abaddon,radiant,False,0.6,5.5,9.85,14.75,15.0,18.0,37.0
5700634389,3070,1605355675,14,10,12,4.0,Chaos Knight,dire,True,0.6,5.9,10.1,14.9,15.0,18.0,37.0
5701513750,2803,1605397931,4,4,21,1.0,Abaddon,dire,True,0.6,6.05,9.85,15.35,15.0,18.0,37.0
5702083797,2592,1605435624,2,12,17,3.0,Lich,dire,False,0.55,5.85,10.05,15.35,15.0,18.0,37.0
5702183260,3207,1605440361,14,6,25,2.0,Abaddon,dire,True,0.6,6.55,9.9,16.3,15.0,18.0,37.0
5703166379,2650,1605496455,5,12,9,1.0,Abaddon,radiant,False,0.55,6.05,10.1,15.9,14.0,18.0,37.0
5704338666,2027,1605568899,0,9,5,1.0,Lich,radiant,False,0.55,5.9,9.9,15.9,14.0,18.0,37.0
5704882051,3356,1605613994,2,8,15,1.0,Abaddon,dire,True,0.55,5.85,9.95,16.25,14.0,18.0,37.0
5705565073,2114,1605647769,3,5,8,1.0,Abaddon,dire,True,0.55,5.45,9.55,15.35,14.0,18.0,37.0
5705723001,2109,1605664087,5,1,26,1.0,Abaddon,dire,True,0.6,5.0,8.85,14.8,14.0,18.0,31.0
5706055173,2221,1605694946,2,6,18,3.0,Abaddon,dire,True,0.6,4.65,8.55,15.2,14.0,18.0,31.0
5706096335,1779,1605697771,8,5,9,2.0,Chaos Knight,radiant,True,0.65,4.7,8.35,14.75,14.0,18.0,31.0
5706870576,1735,1605745977,3,9,12,4.0,Lich,radiant,True,0.7,4.65,8.55,15.1,14.0,18.0,31.0
5707007578,2017,1605760222,2,6,14,4.0,Shadow Demon,dire,True,0.7,4.35,8.45,14.75,14.0,18.0,31.0
5708387256,2541,1605850864,1,9,4,1.0,Abaddon,radiant,False,0.65,4.25,8.45,14.15,14.0,18.0,31.0
5710077969,2639,1605952914,3,8,13,2.0,Abaddon,dire,False,0.6,4.1,7.95,13.9,14.0,15.0,31.0
5710143104,2764,1605956359,7,10,15,2.0,Lich,dire,False,0.6,4.4,7.95,14.25,14.0,15.0,31.0
5710215326,2744,1605959725,1,8,23,2.0,Abaddon,dire,True,0.6,4.15,7.9,13.85,14.0,15.0,26.0
5712874540,2068,1606110066,11,7,11,1.0,Chaos Knight,dire,True,0.65,4.7,7.8,14.3,14.0,15.0,26.0
5713138985,2487,1606130137,8,3,20,1.0,Chaos Knight,radiant,True,0.65,4.9,7.2,14.3,14.0,12.0,26.0
5714088345,2968,1606188364,5,6,30,1.0,Lich,dire,True,0.7,5.0,7.2,15.35,14.0,12.0,30.0
5715383167,3405,1606258793,7,8,31,2.0,Lich,radiant,True,0.7,4.65,7.1,16.3,14.0,12.0,31.0
5715545800,3407,1606275204,3,7,21,1.0,Lich,dire,False,0.65,4.6,7.25,16.3,14.0,12.0,31.0
5715897990,2968,1606299764,0,9,14,3.0,Lich,dire,False,0.65,4.5,7.1,16.15,14.0,12.0,31.0
5716841010,2725,1606346526,4,4,26,1.0,Lich,radiant,True,0.65,4.0,7.0,16.2,11.0,12.0,31.0
5717340780,2696,1606387105,4,9,7,2.0,Lich,dire,False,0.65,3.95,6.85,16.1,11.0,10.0,31.0
5719635196,2894,1606521843,3,11,14,1.0,Abaddon,radiant,False,0.65,4.1,6.95,16.55,11.0,11.0,31.0
5721164207,1603,1606606548,22,2,6,2.0,Phantom Lancer,radiant,True,0.65,5.1,6.65,16.1,22.0,11.0,31.0
5721188382,2310,1606608912,6,12,9,2.0,Chaos Knight,dire,False,0.6,5.25,7.0,16.15,22.0,12.0,31.0
5721731105,2184,1606644431,1,4,12,3.0,Dragon Knight,radiant,True,0.6,5.05,7.15,15.45,22.0,12.0,31.0
5721786749,2521,1606647201,10,1,11,3.0,Abaddon,dire,True,0.6,5.45,6.9,15.1,22.0,12.0,31.0
5723160602,2514,1606733234,1,7,3,2.0,Chaos Knight,dire,False,0.55,5.1,7.0,14.8,22.0,12.0,31.0
5724017396,2554,1606781513,4,10,21,1.0,Abaddon,dire,True,0.55,5.15,7.05,15.25,22.0,12.0,31.0
5725316456,3137,1606867883,11,7,7,1.0,Phantom Lancer,radiant,False,0.5,5.6,7.1,14.9,22.0,12.0,31.0
5726577315,2395,1606951453,8,8,24,1.0,Lich,dire,True,0.55,5.95,7.05,15.9,22.0,12.0,31.0
5726686689,3108,1606964124,7,6,20,2.0,Lich,dire,False,0.55,6.15,6.95,16.25,22.0,12.0,31.0
5726726810,2832,1606968100,6,9,18,2.0,Abaddon,dire,True,0.6,6.1,6.9,16.4,22.0,12.0,31.0
5727982675,1811,1607052995,2,4,26,3.0,Abaddon,dire,True,0.6,6.15,6.7,16.55,22.0,12.0,31.0
5728010137,4014,1607055581,3,10,18,1.0,Abaddon,dire,True,0.6,5.75,6.85,16.9,22.0,12.0,31.0
5728204306,2368,1607071906,6,4,22,1.0,Lich,dire,True,0.6,5.65,6.9,17.0,22.0,12.0,31.0
5729178118,3132,1607126589,6,10,14,2.0,Phantom Lancer,radiant,False,0.55,5.7,7.1,16.2,22.0,12.0,31.0
5731213151,2293,1607246796,5,10,6,2.0,Void Spirit,radiant,False,0.5,5.6,7.2,14.95,22.0,12.0,26.0
5731273517,1970,1607249882,12,1,12,4.0,Abaddon,radiant,True,0.55,6.05,6.9,14.5,22.0,12.0,26.0
5732329054,2218,1607308427,3,10,12,2.0,Abaddon,radiant,True,0.6,6.2,6.95,14.4,22.0,12.0,26.0
5732355044,2707,1607311068,7,9,6,1.0,Chaos Knight,radiant,False,0.55,6.35,7.2,13.4,22.0,12.0,26.0
5732434948,3177,1607318711,2,10,21,1.0,Abaddon,dire,True,0.6,6.25,7.25,14.1,22.0,12.0,26.0
5733928176,2178,1607420427,1,15,10,4.0,Legion Commander,dire,False,0.6,6.15,7.45,13.9,22.0,15.0,26.0
5733967582,2483,1607423146,7,8,10,4.0,Legion Commander,radiant,True,0.6,5.4,7.75,14.1,12.0,15.0,26.0
5734948805,2765,1607483424,5,11,16,1.0,Lich,radiant,True,0.65,5.35,7.7,14.45,12.0,15.0,26.0
5734997032,2152,1607488062,3,5,16,2.0,Lich,dire,True,0.65,5.45,7.75,14.65,12.0,15.0,26.0
5736139118,2712,1607560977,2,6,10,1.0,Abaddon,radiant,True,0.65,5.05,8.0,14.6,12.0,15.0,26.0
5736252750,2031,1607573558,0,8,7,2.0,Legion Commander,radiant,False,0.65,5.0,8.05,14.8,12.0,15.0,26.0
5736522383,3926,1607596619,12,11,27,1.0,Lich,radiant,True,0.65,5.4,8.1,15.1,12.0,15.0,27.0
5737314445,1980,1607643791,4,3,17,2.0,Abaddon,dire,True,0.7,5.05,7.9,15.6,12.0,15.0,27.0
5737428333,3202,1607656976,1,19,9,2.0,Legion Commander,radiant,False,0.65,4.7,8.45,14.85,12.0,19.0,27.0
5737845021,1893,1607689393,0,7,6,3.0,Legion Commander,dire,False,0.65,4.35,8.5,14.15,12.0,19.0,27.0
5740056488,2830,1607817302,9,4,30,2.0,Abaddon,dire,True,0.65,4.5,8.25,14.75,12.0,19.0,30.0
5740173061,2442,1607828799,15,4,8,2.0,Phantom Lancer,radiant,True,0.65,5.15,8.25,13.85,15.0,19.0,30.0
5741423243,2452,1607894258,3,12,20,1.0,Legion Commander,dire,True,0.65,5.15,8.35,13.95,15.0,19.0,30.0
5741514207,2463,1607902991,4,8,12,3.0,Abaddon,radiant,True,0.65,5.05,8.55,13.45,15.0,19.0,30.0
5741621164,2269,1607915235,5,6,8,2.0,Shadow Demon,radiant,True,0.7,5.0,8.35,13.15,15.0,19.0,30.0
5741978319,1964,1607945119,1,9,4,1.0,Lich,radiant,False,0.7,4.8,8.3,13.05,15.0,19.0,30.0
5742727487,2497,1607986702,8,5,25,3.0,Lich,radiant,True,0.7,4.6,8.5,13.7,15.0,19.0,30.0
5743159380,2606,1608027768,5,13,17,4.0,Lich,dire,False,0.65,4.7,8.65,13.95,15.0,19.0,30.0
5744070926,2278,1608085585,5,6,11,2.0,Chaos Knight,dire,True,0.7,4.6,8.5,14.2,15.0,19.0,30.0
5745620990,2423,1608200316,5,8,19,1.0,Abaddon,dire,True,0.7,4.75,8.4,14.1,15.0,19.0,30.0
5746385615,2457,1608243377,3,15,8,2.0,Abaddon,dire,False,0.7,4.85,8.4,14.0,15.0,19.0,30.0
5746884956,3994,1608287051,6,14,20,4.0,Lich,radiant,True,0.7,4.8,8.7,14.5,15.0,19.0,30.0
5746972953,1277,1608291759,1,2,5,3.0,Shadow Demon,radiant,True,0.7,4.6,8.25,13.95,15.0,19.0,30.0
5749506047,2844,1608422473,10,7,14,2.0,Chaos Knight,radiant,True,0.7,4.95,8.35,13.85,15.0,19.0,30.0
5751121708,2221,1608500763,2,7,15,1.0,Abaddon,dire,False,0.65,4.95,8.4,14.1,15.0,19.0,30.0
5751233152,2992,1608510956,3,6,8,3.0,Phantom Lancer,dire,True,0.7,5.1,8.3,14.15,15.0,19.0,30.0
5751309610,2488,1608519157,4,10,12,3.0,Shadow Demon,radiant,False,0.65,4.7,8.25,13.4,15.0,19.0,30.0
5751624087,2187,1608544783,5,6,16,3.0,Chaos Knight,dire,False,0.6,4.75,8.4,13.35,15.0,19.0,30.0
5753891805,2697,1608681536,23,6,9,1.0,Chaos Knight,dire,True,0.65,5.85,7.75,13.35,23.0,15.0,30.0
5754014227,2014,1608694220,4,5,10,3.0,Abaddon,dire,True,0.7,6.05,7.65,13.55,23.0,15.0,30.0
5754343704,2380,1608720258,8,9,10,4.0,Abaddon,radiant,True,0.7,6.0,7.9,12.55,23.0,15.0,25.0
5754398453,2268,1608723474,9,4,7,4.0,Chaos Knight,dire,True,0.7,5.7,7.9,12.5,23.0,15.0,25.0
5755133740,2723,1608761951,1,11,13,1.0,Lich,radiant,True,0.7,5.6,7.85,12.15,23.0,15.0,25.0
5758093809,1182,1608959399,2,5,1,2.0,Abaddon,dire,False,0.65,5.5,7.7,11.6,23.0,15.0,25.0
5758116410,2599,1608960972,7,5,10,2.0,Abaddon,dire,True,0.65,5.6,7.65,11.7,23.0,15.0,25.0
5758416172,2318,1608978473,18,5,14,4.0,Chaos Knight,dire,True,0.7,6.45,7.45,12.2,23.0,15.0,25.0
5758469677,3293,1608981193,10,10,8,3.0,Phantom Lancer,radiant,False,0.65,6.55,7.7,11.35,23.0,15.0,20.0
5758576361,3201,1608985956,12,10,17,4.0,Chaos Knight,dire,True,0.7,6.9,7.55,11.35,23.0,15.0,20.0
5759464872,2747,1609030686,6,7,9,1.0,Lich,dire,False,0.65,6.95,7.6,11.25,23.0,15.0,20.0
5759995980,2427,1609064528,5,2,16,2.0,Shadow Demon,radiant,True,0.65,6.95,7.3,11.1,23.0,15.0,20.0
5760061303,2653,1609067689,9,7,8,3.0,Chaos Knight,dire,True,0.7,7.25,6.9,11.1,23.0,14.0,20.0
5762274577,2131,1609191915,7,3,29,1.0,Abaddon,dire,True,0.7,7.3,6.35,11.55,23.0,11.0,29.0
5762373511,1706,1609200591,1,7,0,1.0,Abaddon,dire,False,0.65,7.3,6.6,11.3,23.0,11.0,29.0
5762493354,2942,1609212324,19,6,11,2.0,Chaos Knight,dire,True,0.65,7.75,6.55,11.15,23.0,11.0,29.0
5763703225,2322,1609280521,6,4,10,1.0,Phantom Lancer,radiant,True,0.7,7.95,6.4,10.9,23.0,11.0,29.0
5763737994,2242,1609283491,22,4,15,1.0,Chaos Knight,radiant,True,0.7,8.9,6.3,11.25,23.0,11.0,29.0
5764223883,2850,1609323314,7,13,8,4.0,Chaos Knight,radiant,False,0.7,9.05,6.45,11.05,23.0,13.0,29.0
5764280058,1852,1609326619,7,6,11,3.0,Phantom Lancer,dire,True,0.75,9.15,6.45,10.8,23.0,13.0,29.0
5765044998,1929,1609363227,3,6,13,1.0,Lich,radiant,True,0.75,8.15,6.45,11.0,22.0,13.0,29.0
5765155088,2433,1609371772,3,6,9,1.0,Lich,dire,False,0.7,8.1,6.5,10.95,22.0,13.0,29.0
5765217353,2127,1609378069,11,6,16,3.0,Chaos Knight,dire,True,0.7,8.25,6.35,11.25,22.0,13.0,29.0
5765252616,2983,1609381461,9,13,7,3.0,Chaos Knight,dire,True,0.7,8.25,6.8,11.25,22.0,13.0,29.0
5769556721,3456,1609633311,12,13,11,2.0,Chaos Knight,dire,False,0.65,8.8,6.9,11.15,22.0,13.0,29.0
5770019339,2604,1609664672,4,8,12,1.0,Shadow Demon,dire,False,0.65,8.9,7.05,11.7,22.0,13.0,29.0
5771207138,2601,1609727100,7,9,23,2.0,Centaur Warrunner,radiant,True,0.65,8.9,7.25,12.35,22.0,13.0,29.0
5771305721,4329,1609736168,8,8,36,1.0,Shadow Demon,dire,False,0.6,8.4,7.4,13.45,22.0,13.0,36.0
5772402383,3583,1609795680,13,10,20,1.0,Phantom Lancer,radiant,True,0.65,8.55,7.4,14.05,22.0,13.0,36.0
5772637397,3019,1609816719,1,10,26,1.0,Abaddon,radiant,True,0.65,8.0,7.4,14.5,22.0,13.0,36.0
5773814242,2158,1609882136,5,9,6,1.0,Centaur Warrunner,dire,False,0.65,7.95,7.5,14.35,22.0,13.0,36.0
5774018804,2115,1609900862,3,6,16,1.0,Lich,dire,False,0.6,7.85,7.7,14.35,22.0,13.0,36.0
5774133263,2494,1609910618,5,8,4,2.0,Chaos Knight,radiant,False,0.55,7.65,7.75,14.15,22.0,13.0,36.0
5776629380,2513,1610054640,4,9,23,1.0,Shadow Demon,radiant,True,0.55,7.5,8.05,13.85,22.0,13.0,36.0
5776934967,3008,1610082188,3,5,13,1.0,Abaddon,radiant,False,0.55,7.6,7.95,14.5,22.0,13.0,36.0
5777246283,2791,1610104596,13,8,7,2.0,Chaos Knight,dire,False,0.5,7.3,8.05,14.3,22.0,13.0,36.0
5777321226,2997,1610108174,10,9,7,3.0,Chaos Knight,dire,False,0.45,7.5,8.3,14.15,22.0,13.0,36.0
5778766944,2038,1610188750,4,9,7,1.0,Phantom Lancer,dire,False,0.4,6.6,8.55,13.75,13.0,13.0,36.0
5781298186,3370,1610312610,4,12,11,1.0,Shadow Demon,dire,False,0.4,6.45,8.5,13.9,13.0,13.0,36.0
5782646841,2302,1610398977,7,8,12,1.0,Lich,dire,False,0.35,6.45,8.6,13.95,13.0,13.0,36.0
5782775919,2356,1610410797,9,4,16,2.0,Abaddon,dire,True,0.35,6.75,8.5,14.1,13.0,13.0,36.0
5782807642,2173,1610414399,1,9,11,1.0,Abaddon,dire,False,0.35,6.65,8.65,14.2,13.0,13.0,36.0
5782841316,2058,1610417882,6,3,13,2.0,Lich,radiant,True,0.35,6.4,8.5,14.05,13.0,13.0,36.0
5782871316,3616,1610420834,6,15,26,2.0,Lich,radiant,False,0.3,6.25,8.6,15.0,13.0,15.0,36.0
5783964000,2035,1610484914,3,6,4,1.0,Lich,radiant,False,0.3,5.8,8.25,14.65,13.0,15.0,36.0
5784088915,2836,1610495558,1,7,14,1.0,Abaddon,dire,True,0.35,5.65,8.2,14.75,13.0,15.0,36.0
5784162015,3972,1610503800,0,17,16,1.0,Lich,dire,True,0.35,5.3,8.6,14.4,13.0,17.0,36.0
5785311144,2061,1610572710,6,5,22,1.0,Shadow Demon,radiant,True,0.4,5.2,8.45,13.7,13.0,17.0,26.0
5785405875,1974,1610581103,1,8,9,2.0,Shadow Demon,dire,True,0.4,4.6,8.35,13.15,13.0,17.0,26.0
5785430893,3218,1610584256,5,14,16,2.0,Shadow Demon,radiant,False,0.35,4.8,8.55,12.65,13.0,17.0,26.0
5788501117,3250,1610772878,23,10,12,1.0,Chaos Knight,dire,True,0.4,5.7,8.6,12.95,23.0,17.0,26.0
5790099018,4368,1610843310,11,14,25,1.0,Lich,dire,True,0.45,6.1,9.0,13.4,23.0,17.0,26.0
5790263946,2310,1610857012,16,4,5,1.0,Phantom Lancer,radiant,True,0.5,6.65,8.8,13.45,23.0,17.0,26.0
5791547974,2532,1610918319,1,12,9,1.0,Abaddon,radiant,False,0.45,6.5,8.95,12.75,23.0,17.0,26.0
5791836064,1983,1610945508,4,5,21,2.0,Abaddon,dire,True,0.5,6.55,8.95,13.15,23.0,17.0,26.0
5792213094,2561,1610972064,15,6,20,1.0,Phantom Lancer,radiant,True,0.55,6.65,8.85,13.8,23.0,17.0,26.0
5792880870,2340,1611004382,8,11,10,1.0,Shadow Demon,radiant,False,0.55,6.55,8.95,13.95,23.0,17.0,26.0
5792933956,2375,1611009164,1,10,16,2.0,Shadow Demon,radiant,False,0.55,6.4,9.0,14.4,23.0,17.0,26.0
5793138108,3265,1611030258,11,8,16,1.0,Phantom Lancer,dire,True,0.6,6.75,8.8,14.65,23.0,17.0,26.0
5794207256,1778,1611091024,1,8,9,1.0,Abaddon,dire,False,0.6,6.45,8.8,14.5,23.0,17.0,26.0
5794319731,2331,1611101871,1,7,7,2.0,Shadow Demon,dire,False,0.55,6.05,8.95,14.05,23.0,17.0,26.0
5795488530,2868,1611176684,1,14,15,1.0,Earthshaker,dire,False,0.55,6.05,9.2,14.25,23.0,17.0,26.0
5795658487,2438,1611194488,8,11,4,2.0,Chaos Knight,dire,False,0.5,6.15,9.6,13.8,23.0,17.0,26.0
5796951664,3090,1611280036,12,7,25,1.0,Lich,dire,True,0.55,6.45,9.2,13.75,23.0,17.0,25.0
5796987204,1080,1611283624,1,4,2,2.0,Chaos Knight,radiant,False,0.55,6.35,9.1,13.65,23.0,17.0,25.0
5797095554,2813,1611293599,6,6,14,2.0,Shadow Demon,radiant,True,0.55,6.6,9.05,13.65,23.0,17.0,25.0
5798403843,2162,1611370566,9,8,8,1.0,Abaddon,dire,False,0.5,7.05,8.6,13.25,23.0,14.0,25.0
5800445060,1631,1611479765,12,2,5,2.0,Abaddon,radiant,True,0.5,7.35,8.45,12.4,23.0,14.0,25.0
5800489420,2485,1611481835,10,6,19,5.0,Lich,radiant,True,0.5,7.8,8.35,12.9,23.0,14.0,25.0
5800551378,2549,1611484711,9,6,13,1.0,Shadow Demon,dire,True,0.55,8.0,7.95,12.75,23.0,14.0,25.0
5801482511,3080,1611523512,5,14,34,1.0,Lich,radiant,True,0.55,7.1,8.15,13.85,16.0,14.0,34.0
5803053849,2937,1611615707,3,6,18,1.0,Lich,dire,False,0.5,6.7,7.75,13.5,16.0,14.0,34.0
5803262187,3082,1611636075,4,7,23,1.0,Lich,dire,True,0.5,6.1,7.9,14.4,15.0,14.0,34.0
5804478924,2522,1611695585,2,11,11,1.0,Lich,radiant,False,0.5,6.15,7.85,14.5,15.0,14.0,34.0
5804693069,2010,1611717001,3,6,5,1.0,Abaddon,dire,False,0.45,6.1,7.9,13.7,15.0,14.0,34.0
5805960784,2387,1611782776,8,8,8,2.0,Abaddon,dire,True,0.45,5.75,8.0,13.1,12.0,14.0,34.0
5806068369,2180,1611792921,5,6,23,3.0,Abaddon,radiant,True,0.5,5.6,7.75,13.75,12.0,14.0,34.0
5806181695,2868,1611803930,4,11,13,2.0,Shadow Demon,radiant,True,0.55,5.75,7.8,13.6,12.0,14.0,34.0
5807541570,2502,1611879146,6,8,19,2.0,Lich,radiant,True,0.55,5.5,7.8,13.75,12.0,14.0,34.0
5807624907,2339,1611887435,3,6,13,3.0,Shadow Demon,radiant,True,0.6,5.6,7.7,13.95,12.0,14.0,34.0
5807661368,2097,1611890537,0,1,30,3.0,Abaddon,radiant,True,0.65,5.55,7.4,15.1,12.0,14.0,34.0
5808063524,2351,1611918101,2,7,31,4.0,Abaddon,radiant,True,0.7,5.6,7.05,15.9,12.0,14.0,34.0
5808122426,2235,1611921007,11,7,14,4.0,Chaos Knight,radiant,True,0.75,5.75,6.85,16.4,12.0,14.0,34.0
5811111655,1444,1612072747,4,0,3,,Chaos Knight,radiant,True,0.75,5.35,6.5,15.3,12.0,14.0,34.0
5811149806,2343,1612074726,5,10,7,3.0,Shadow Demon,radiant,False,0.75,5.55,6.8,15.55,12.0,14.0,34.0
5812597639,2205,1612128422,3,7,29,1.0,Abaddon,dire,True,0.75,5.4,6.85,16.3,12.0,14.0,34.0
5812824631,1979,1612148318,7,8,15,2.0,Abaddon,radiant,True,0.8,5.3,6.85,16.65,12.0,14.0,34.0
5813194706,2545,1612175423,1,9,9,2.0,Abaddon,dire,False,0.75,4.75,7.2,16.85,11.0,14.0,34.0
5813252228,2395,1612178515,7,1,18,1.0,Abaddon,radiant,True,0.75,4.6,6.95,16.8,11.0,14.0,34.0
5814060393,2325,1612214441,4,7,10,1.0,Chaos Knight,dire,False,0.7,4.35,7.0,16.65,11.0,14.0,34.0
5814273036,2435,1612234908,6,10,18,2.0,Lich,radiant,True,0.7,4.4,6.8,15.85,11.0,11.0,31.0
5814308891,2839,1612238065,1,7,23,1.0,Lich,dire,True,0.75,4.3,6.85,16.1,11.0,11.0,31.0
5815430021,1942,1612300457,7,2,12,2.0,Abaddon,radiant,True,0.75,4.45,6.6,15.55,11.0,11.0,31.0
5815533575,2476,1612309663,4,14,7,2.0,Shadow Demon,dire,False,0.75,4.55,6.75,15.35,11.0,14.0,31.0
5815634742,1914,1612320400,2,6,17,2.0,Abaddon,dire,True,0.8,4.5,6.75,15.95,11.0,14.0,31.0
5816770489,1992,1612386891,4,5,20,1.0,Lich,radiant,True,0.8,4.3,6.6,16.55,11.0,14.0,31.0
5816868405,2968,1612396123,7,9,18,2.0,Abaddon,radiant,False,0.75,4.4,6.75,16.3,11.0,14.0,31.0
5816967710,3119,1612406767,14,11,15,1.0,Abaddon,radiant,False,0.7,4.9,6.75,16.4,14.0,14.0,31.0
5818178226,2274,1612477400,8,7,10,2.0,Chaos Knight,radiant,False,0.65,5.0,6.7,15.95,14.0,14.0,31.0
5819934654,2401,1612591097,8,4,22,4.0,Abaddon,radiant,True,0.65,5.25,6.6,16.4,14.0,14.0,31.0
5821246958,2488,1612656323,4,13,22,2.0,Chaos Knight,dire,True,0.65,5.45,7.2,16.0,14.0,14.0,31.0
5821452513,2662,1612673444,0,8,22,1.0,Abaddon,radiant,True,0.65,5.35,7.25,15.55,14.0,14.0,29.0
5821497567,2923,1612676520,3,9,17,1.0,Lich,dire,True,0.65,4.95,7.35,15.7,14.0,14.0,29.0
5822717008,1456,1612732786,2,3,7,1.0,Abaddon,dire,True,0.65,4.85,7.5,15.9,14.0,14.0,29.0
5822844665,2014,1612744260,4,10,14,3.0,Bounty Hunter,radiant,True,0.7,4.8,7.5,16.25,14.0,14.0,29.0
5822952069,2429,1612753568,3,7,12,1.0,Lich,dire,False,0.65,4.8,7.5,15.4,14.0,14.0,23.0
5823008006,2936,1612757300,2,9,4,2.0,Bounty Hunter,radiant,False,0.6,4.55,7.55,14.85,14.0,14.0,23.0
5823104873,2445,1612762792,2,6,23,1.0,Abaddon,radiant,True,0.65,4.6,7.4,15.55,14.0,14.0,23.0
5824466478,2760,1612818444,4,7,14,1.0,Abaddon,dire,True,0.65,4.45,7.7,15.35,14.0,14.0,23.0
5824664860,3138,1612837762,3,9,17,1.0,Abaddon,dire,True,0.7,4.4,7.8,15.7,14.0,14.0,23.0
5824715124,2972,1612841930,1,7,7,2.0,Abaddon,dire,False,0.65,4.15,7.65,15.15,14.0,14.0,23.0
5826056071,2002,1612905560,1,4,13,1.0,Lich,radiant,True,0.65,4.15,7.5,14.65,14.0,14.0,23.0
5826178882,3999,1612916750,5,14,16,1.0,Lich,radiant,False,0.6,4.05,8.1,14.85,14.0,14.0,23.0
5826437204,1804,1612930137,15,4,16,1.0,Chaos Knight,dire,True,0.65,4.6,7.6,15.3,15.0,14.0,23.0
5826517303,2917,1612934247,2,10,16,1.0,Abaddon,radiant,False,0.6,4.6,7.8,15.25,15.0,14.0,23.0
5828030234,1933,1612991909,3,4,8,2.0,Abaddon,radiant,True,0.6,4.55,7.75,14.65,15.0,14.0,23.0
5828144837,2700,1613002046,9,10,19,1.0,Lich,dire,True,0.65,4.65,7.8,14.7,15.0,14.0,23.0
5828390079,2176,1613019669,3,7,24,1.0,Lich,dire,True,0.7,4.1,7.6,15.15,15.0,14.0,24.0
5829786201,2399,1613078063,6,10,11,1.0,Lich,dire,False,0.7,4.0,7.75,15.2,15.0,14.0,24.0
5829825994,2479,1613080868,2,14,10,2.0,Shadow Demon,radiant,False,0.65,3.7,8.25,14.6,15.0,14.0,24.0
5832582918,1640,1613209492,0,8,2,5.0,Chaos Knight,dire,False,0.6,3.5,8.0,13.6,15.0,14.0,24.0
5832648971,2221,1613212111,3,2,18,5.0,Abaddon,dire,True,0.6,3.65,7.7,13.4,15.0,14.0,24.0
5834226155,2961,1613279154,9,5,8,1.0,Abaddon,dire,True,0.6,3.95,7.5,12.95,15.0,14.0,24.0
5835848797,2697,1613336331,9,7,18,1.0,Lich,dire,True,0.6,4.3,7.7,13.5,15.0,14.0,24.0
5835905141,2494,1613340176,6,10,18,2.0,Chaos Knight,radiant,True,0.6,4.4,7.7,13.7,15.0,14.0,24.0
5835996270,1713,1613348220,2,7,8,1.0,Abaddon,dire,False,0.6,4.35,7.7,13.5,15.0,14.0,24.0
5836166824,2483,1613361156,10,10,13,1.0,Chaos Knight,dire,False,0.6,4.75,7.75,13.95,15.0,14.0,24.0
5836220213,3052,1613364303,4,9,13,2.0,Shadow Demon,radiant,False,0.55,4.85,7.9,13.45,15.0,14.0,24.0
5837856759,3659,1613423501,8,7,17,1.0,Abaddon,dire,True,0.55,5.05,7.9,13.6,15.0,14.0,24.0
5837969027,2118,1613432426,1,8,7,2.0,Shadow Demon,dire,False,0.5,4.95,7.85,13.1,15.0,14.0,24.0
5838174637,3499,1613448068,11,10,4,1.0,Phantom Lancer,radiant,False,0.5,5.45,8.0,12.95,15.0,14.0,24.0
5838611194,2397,1613466938,2,9,13,3.0,Shadow Demon,radiant,False,0.45,5.5,8.25,12.95,15.0,14.0,24.0
5838677867,1562,1613469676,7,1,11,3.0,Abaddon,radiant,True,0.5,5.6,7.6,12.7,15.0,14.0,24.0
5838745932,2606,1613472499,6,7,22,,Legion Commander,dire,True,0.5,5.15,7.75,13.0,11.0,14.0,24.0
5839834685,2174,1613509206,7,5,14,1.0,Abaddon,radiant,True,0.55,5.4,7.5,12.9,11.0,14.0,24.0
5839982672,2405,1613522282,4,7,11,3.0,Legion Commander,dire,True,0.55,5.45,7.65,13.05,11.0,14.0,24.0
5841777937,1876,1613597473,7,5,9,2.0,Phantom Lancer,dire,True,0.55,5.35,7.4,12.55,11.0,14.0,24.0
5841971597,2541,1613614791,2,9,16,1.0,Lich,dire,True,0.55,5.3,7.5,12.15,11.0,14.0,22.0
5843607481,2126,1613681367,6,2,21,1.0,Abaddon,dire,True,0.6,5.3,7.1,12.65,11.0,14.0,22.0
5843861577,3243,1613702878,8,13,21,1.0,Lich,dire,False,0.6,5.6,7.05,13.2,11.0,13.0,22.0
5844489407,3416,1613733539,2,8,16,3.0,Lich,radiant,False,0.6,5.7,7.05,13.9,11.0,13.0,22.0
5844608955,2009,1613737434,6,6,31,5.0,Abaddon,dire,True,0.6,5.85,7.25,14.55,11.0,13.0,31.0
5845726337,1914,1613789528,3,11,2,2.0,Lich,dire,False,0.55,5.55,7.55,14.25,11.0,13.0,31.0
5847765673,2051,1613882749,8,1,18,2.0,Abaddon,radiant,True,0.55,5.5,7.25,14.25,11.0,13.0,31.0
5849313755,3106,1613940998,10,6,11,1.0,Chaos Knight,radiant,False,0.5,5.7,7.05,13.9,11.0,13.0,31.0
5849463634,2259,1613952493,2,8,9,2.0,Shadow Demon,radiant,True,0.55,5.7,7.1,13.95,11.0,13.0,31.0
5851049400,2411,1614028012,11,3,10,1.0,Abaddon,radiant,True,0.6,5.75,6.75,13.8,11.0,13.0,31.0
5851354646,2822,1614053029,3,10,27,1.0,Shadow Demon,dire,False,0.6,5.7,6.8,14.5,11.0,13.0,31.0
5852761769,3269,1614114648,2,14,14,1.0,Abaddon,radiant,True,0.6,5.4,7.15,14.35,11.0,14.0,31.0
5852957644,2428,1614133016,6,6,8,1.0,Abaddon,dire,False,0.6,5.65,7.05,14.4,11.0,14.0,31.0
5853463913,2647,1614164138,15,10,21,4.0,Legion Commander,radiant,True,0.65,5.85,7.05,15.25,15.0,14.0,31.0
5854394179,2076,1614202370,1,9,5,3.0,Legion Commander,radiant,False,0.65,5.8,7.05,14.85,15.0,14.0,31.0
5855992856,2112,1614287403,8,3,12,1.0,Abaddon,radiant,True,0.65,5.85,7.15,14.9,15.0,14.0,31.0
5856745432,2246,1614339684,6,5,19,4.0,Abaddon,dire,True,0.65,5.85,7.05,14.75,15.0,14.0,31.0
5861470589,1465,1614545998,4,1,16,1.0,Abaddon,radiant,True,0.65,5.7,6.85,14.85,15.0,14.0,31.0
5861499094,2266,1614547946,2,9,13,3.0,Abaddon,radiant,False,0.6,5.6,6.95,14.95,15.0,14.0,31.0
5862256837,2199,1614600557,4,6,20,1.0,Lich,dire,True,0.6,5.45,7.0,15.5,15.0,14.0,31.0
5863012238,2125,1614632638,3,6,14,1.0,Abaddon,radiant,True,0.6,5.5,6.85,15.4,15.0,14.0,31.0
5863356764,2578,1614663462,0,8,26,1.0,Abaddon,dire,True,0.6,5.2,7.15,15.65,15.0,14.0,31.0
5866048578,2193,1614804637,3,10,9,1.0,Shadow Demon,dire,False,0.6,4.95,7.0,15.05,15.0,14.0,31.0
5866553896,2950,1614846236,6,7,19,1.0,Abaddon,dire,True,0.65,5.15,6.95,15.2,15.0,14.0,31.0
5866613227,2763,1614849909,4,9,25,2.0,Bounty Hunter,dire,True,0.65,5.05,7.1,14.9,15.0,14.0,27.0
5867602443,3750,1614892608,9,8,19,1.0,Lich,radiant,False,0.65,5.35,6.95,15.75,15.0,14.0,27.0
5867741542,2908,1614905717,3,13,9,1.0,Chaos Knight,dire,False,0.6,5.1,7.55,15.3,15.0,14.0,27.0
5869820622,1683,1615008905,9,3,15,1.0,Abaddon,radiant,True,0.65,5.05,7.4,15.5,15.0,14.0,27.0
5869871459,2537,1615010943,11,5,24,1.0,Bounty Hunter,dire,True,0.65,5.5,7.25,16.25,15.0,14.0,27.0
5870360821,3141,1615030396,5,6,27,3.0,Bounty Hunter,dire,True,0.65,5.2,7.4,17.1,15.0,14.0,27.0
5871821696,2791,1615089337,4,9,17,1.0,Abaddon,radiant,False,0.65,5.25,7.35,16.6,15.0,14.0,27.0
5872679285,2473,1615116405,3,8,21,5.0,Bounty Hunter,dire,True,0.65,5.3,7.05,16.95,15.0,13.0,27.0
5872799207,2849,1615119404,5,12,6,5.0,Bounty Hunter,dire,False,0.65,5.25,7.35,16.85,15.0,13.0,27.0
5874193682,2662,1615178598,8,6,16,4.0,Bounty Hunter,radiant,True,0.65,4.9,7.15,16.6,11.0,13.0,27.0
5875759181,4477,1615237731,2,14,13,1.0,Lich,radiant,False,0.65,4.95,7.4,17.0,11.0,14.0,27.0
5877593829,3257,1615323044,2,4,17,,Abaddon,dire,True,0.65,4.65,7.45,17.25,11.0,14.0,27.0
5877797287,2934,1615340428,8,12,16,1.0,Bounty Hunter,dire,False,0.6,4.75,7.8,17.1,11.0,14.0,27.0
5879861883,2478,1615440073,3,4,25,2.0,Bounty Hunter,dire,True,0.6,4.7,7.95,17.55,11.0,14.0,27.0
5880294449,3024,1615460725,4,10,21,3.0,Abaddon,dire,True,0.65,4.8,8.0,17.95,11.0,14.0,27.0
5880430590,2009,1615465094,9,2,7,3.0,Chaos Knight,radiant,True,0.65,5.05,7.8,17.3,11.0,14.0,27.0
5881312864,3720,1615496311,9,17,18,1.0,Legion Commander,dire,True,0.65,5.35,8.35,17.5,11.0,17.0,27.0
5881546449,3112,1615515759,6,14,20,2.0,Bounty Hunter,dire,False,0.6,5.65,8.65,17.2,11.0,17.0,27.0
5883521677,2345,1615604821,4,8,8,1.0,Abaddon,dire,False,0.6,5.7,8.55,17.15,11.0,17.0,27.0
5883690438,2613,1615612829,2,9,21,2.0,Abaddon,dire,True,0.6,5.5,8.65,17.25,11.0,17.0,27.0
5884289066,3134,1615634661,7,11,17,4.0,Legion Commander,dire,True,0.6,5.65,8.75,16.85,11.0,17.0,27.0
5884421453,2751,1615638354,1,12,8,3.0,Abaddon,radiant,False,0.6,5.25,8.95,16.3,11.0,17.0,27.0
5888433803,1890,1615805491,1,6,5,5.0,Phantom Lancer,dire,False,0.6,5.15,8.6,16.1,11.0,17.0,27.0
5889445482,2474,1615842222,5,9,12,1.0,Bounty Hunter,dire,False,0.55,4.95,8.9,15.95,11.0,17.0,27.0
5891254789,2549,1615928943,9,5,28,1.0,Bounty Hunter,dire,True,0.55,4.85,8.9,16.15,9.0,17.0,28.0
5891521881,2065,1615950576,3,3,26,1.0,Bounty Hunter,radiant,True,0.55,4.75,8.75,16.1,9.0,17.0,28.0
5891702159,3436,1615961188,8,10,17,3.0,Bounty Hunter,dire,True,0.6,4.95,8.8,16.1,9.0,17.0,28.0
5894809710,2500,1616101654,8,9,13,1.0,Lich,dire,False,0.55,5.2,8.85,15.7,9.0,17.0,28.0
5895654355,2082,1616153673,4,11,9,4.0,Abaddon,dire,False,0.55,5.15,8.8,15.85,9.0,17.0,28.0
5895748233,2310,1616156906,4,5,22,5.0,Bounty Hunter,radiant,True,0.55,4.95,8.75,16.15,9.0,17.0,28.0
5899133742,2727,1616298537,10,5,15,1.0,Abaddon,radiant,True,0.6,5.35,8.3,16.25,10.0,17.0,28.0
5900899216,3999,1616359884,11,13,9,1.0,Chaos Knight,radiant,False,0.55,5.8,8.75,15.85,11.0,17.0,28.0
5901690927,3611,1616409767,13,9,17,3.0,Chaos Knight,radiant,False,0.55,6.05,8.6,15.9,13.0,17.0,28.0
5902698635,2816,1616446550,4,13,5,1.0,Lich,radiant,False,0.5,6.1,9.05,14.9,13.0,17.0,28.0
5907621386,1728,1616677301,4,1,9,1.0,Phantom Lancer,dire,True,0.5,6.1,8.6,14.3,13.0,17.0,28.0
5909479143,1827,1616758254,0,9,3,2.0,Lich,dire,False,0.45,5.65,8.95,14.1,13.0,17.0,28.0
5910672792,2318,1616800381,8,9,8,3.0,Abaddon,dire,False,0.4,5.6,8.55,13.6,13.0,14.0,28.0
5910724130,3371,1616804382,0,9,25,4.0,Bounty Hunter,dire,True,0.45,5.3,8.3,13.85,13.0,13.0,28.0
5911534455,1830,1616842521,7,2,14,4.0,Abaddon,radiant,True,0.5,5.45,8.0,14.15,13.0,13.0,28.0
5911599792,2906,1616844745,12,8,12,4.0,Chaos Knight,dire,True,0.5,5.95,7.95,13.7,13.0,13.0,28.0
5913052465,3000,1616902259,11,10,11,1.0,Chaos Knight,radiant,False,0.45,6.15,7.9,13.4,13.0,13.0,28.0
5914855426,2062,1616964942,3,2,11,1.0,Abaddon,radiant,True,0.5,6.25,7.4,13.55,13.0,13.0,28.0
5915642998,2368,1617014469,2,7,16,4.0,Abaddon,radiant,True,0.55,6.3,7.45,14.1,13.0,13.0,28.0
5916920397,2301,1617071423,9,9,26,2.0,Bounty Hunter,radiant,True,0.6,6.5,7.45,14.8,13.0,13.0,28.0
5918719125,2059,1617158818,1,5,20,3.0,Bounty Hunter,radiant,True,0.6,6.1,7.45,14.4,13.0,13.0,26.0
5920614752,2505,1617257027,2,7,3,2.0,Phantom Lancer,radiant,False,0.55,6.05,7.65,13.25,13.0,13.0,26.0
5922069644,2177,1617320427,3,4,22,1.0,Bounty Hunter,dire,True,0.55,5.8,7.35,13.5,13.0,13.0,26.0
5922358526,2226,1617340608,5,5,21,1.0,Abaddon,radiant,True,0.6,5.65,7.15,13.9,13.0,13.0,26.0
5922731884,2638,1617359872,2,15,11,1.0,Lich,radiant,False,0.6,5.55,7.35,14.0,13.0,15.0,26.0
5922867740,2467,1617365165,5,7,18,2.0,Abaddon,radiant,True,0.6,5.6,7.45,13.8,13.0,15.0,26.0
5926383598,2947,1617518158,5,5,21,2.0,Abaddon,radiant,True,0.6,5.35,7.45,14.1,13.0,15.0,26.0
5926775463,3236,1617533901,15,5,3,1.0,Phantom Lancer,dire,False,0.6,5.55,7.05,13.8,15.0,15.0,26.0
5926889071,1929,1617538118,10,3,5,2.0,Phantom Lancer,radiant,True,0.65,5.4,6.75,13.2,15.0,15.0,26.0
5927974259,3926,1617583082,9,8,13,1.0,Phantom Lancer,dire,False,0.65,5.65,6.5,13.6,15.0,15.0,26.0
5928976062,4555,1617629276,13,10,28,1.0,Bounty Hunter,dire,True,0.65,6.1,6.95,14.55,15.0,15.0,28.0
5929962118,2254,1617680562,2,9,5,1.0,Bounty Hunter,radiant,False,0.65,6.2,6.95,14.65,15.0,15.0,28.0
5930098010,2035,1617689602,3,4,19,1.0,Abaddon,dire,True,0.7,5.95,6.7,15.2,15.0,15.0,28.0
5933103115,2694,1617832028,6,5,37,1.0,Abaddon,radiant,True,0.7,6.25,6.5,15.8,15.0,15.0,37.0
5933223792,2490,1617843851,5,4,6,1.0,Abaddon,dire,False,0.65,6.15,6.6,15.4,15.0,15.0,37.0
5933541949,2116,1617866156,1,9,7,1.0,Bounty Hunter,dire,False,0.6,5.6,6.65,15.15,15.0,15.0,37.0
5933840763,2907,1617881374,6,16,13,4.0,Chaos Knight,radiant,False,0.6,5.35,6.95,15.25,15.0,16.0,37.0
5934935513,2386,1617933301,4,6,8,1.0,Phantom Lancer,dire,False,0.55,5.4,7.15,15.1,15.0,16.0,37.0
5937647594,2080,1618055563,14,4,11,1.0,Abaddon,dire,True,0.55,6.0,7.0,14.85,15.0,16.0,37.0
5937774185,3178,1618059270,4,8,27,3.0,Abaddon,radiant,True,0.55,5.75,6.95,14.9,15.0,16.0,37.0
5941688116,2366,1618228872,2,10,3,2.0,Invoker,radiant,False,0.5,5.8,7.2,14.05,15.0,16.0,37.0
5942589177,2674,1618264654,11,2,29,1.0,Abaddon,radiant,True,0.55,6.25,6.95,15.35,15.0,16.0,37.0
5942993075,2292,1618296483,3,7,17,1.0,Legion Commander,dire,True,0.55,6.25,7.1,15.1,15.0,16.0,37.0
5944242452,2647,1618350837,2,8,10,1.0,Abaddon,radiant,False,0.5,6.1,7.25,14.55,15.0,16.0,37.0
5944601421,2541,1618379796,5,3,15,1.0,Abaddon,radiant,True,0.55,6.25,6.65,14.75,15.0,16.0,37.0
5946727037,2056,1618490834,6,4,13,1.0,Phantom Lancer,dire,True,0.55,6.3,6.5,14.5,15.0,16.0,37.0
5947490548,2019,1618522746,9,4,15,1.0,Lich,radiant,True,0.55,6.5,6.45,14.2,15.0,16.0,37.0
5947648575,2310,1618537868,5,6,20,5.0,Abaddon,dire,True,0.6,6.0,6.5,15.05,14.0,16.0,37.0
5947884449,1360,1618554681,5,1,16,1.0,Abaddon,dire,True,0.6,5.75,6.4,15.6,14.0,16.0,37.0
5949391763,1996,1618624195,6,2,26,3.0,Abaddon,radiant,True,0.65,5.6,6.1,16.25,14.0,16.0,37.0
5949791593,3493,1618644037,12,8,16,1.0,Abaddon,dire,True,0.65,5.55,6.0,15.65,14.0,16.0,37.0
5950206693,2248,1618659661,6,10,7,3.0,Lich,radiant,False,0.65,5.75,6.05,15.75,14.0,16.0,37.0
5950294212,2255,1618662468,3,8,22,4.0,Bounty Hunter,radiant,True,0.65,5.75,6.25,15.9,14.0,16.0,37.0
5952278477,1941,1618745650,4,3,12,4.0,Chaos Knight,radiant,True,0.65,5.65,6.15,14.65,14.0,16.0,29.0
5952362958,2192,1618748247,1,11,5,2.0,Abaddon,radiant,False,0.65,5.45,6.5,14.6,14.0,16.0,29.0
5955113037,3140,1618886006,7,13,21,1.0,Lich,radiant,False,0.65,5.75,6.7,15.3,14.0,16.0,29.0
5958233128,2762,1619042610,16,5,13,1.0,Chaos Knight,radiant,True,0.7,6.25,6.15,15.3,16.0,13.0,29.0
5958469084,2055,1619063173,6,7,25,3.0,Lich,dire,True,0.75,6.35,6.2,16.15,16.0,13.0,29.0
5958946947,1857,1619090420,4,6,18,3.0,Abaddon,dire,True,0.75,5.85,6.3,16.5,16.0,13.0,29.0
5959004735,2082,1619092715,3,7,12,1.0,Abaddon,dire,False,0.7,5.8,6.25,15.75,16.0,13.0,29.0
5959842591,2228,1619127483,5,7,23,1.0,Abaddon,radiant,True,0.75,5.95,6.1,16.75,16.0,13.0,29.0
5961949999,2575,1619246810,11,8,9,1.0,Chaos Knight,dire,False,0.7,5.95,6.4,15.75,16.0,13.0,26.0
5963733498,3812,1619333078,6,18,20,3.0,Lich,dire,False,0.65,6.1,6.95,15.9,16.0,18.0,26.0
5965015556,1645,1619386475,14,1,5,1.0,Chaos Knight,dire,True,0.7,6.7,6.6,15.65,16.0,18.0,26.0
5965319136,1766,1619413039,1,8,11,1.0,Abaddon,radiant,False,0.65,6.5,6.85,15.45,16.0,18.0,26.0
5966556471,2397,1619474529,7,6,13,1.0,Shadow Demon,radiant,False,0.6,6.55,6.95,15.45,16.0,18.0,26.0
5966845044,1725,1619500454,2,5,1,1.0,Abaddon,radiant,False,0.55,6.2,7.0,14.75,16.0,18.0,26.0
5970956425,3442,1619732138,4,11,13,1.0,Lich,dire,False,0.5,6.15,7.25,14.4,16.0,18.0,26.0
5971255399,2725,1619760299,8,5,12,1.0,Abaddon,radiant,False,0.45,6.3,7.45,14.2,16.0,18.0,26.0
5971298279,2258,1619763440,6,8,15,2.0,Abaddon,dire,False,0.4,6.3,7.75,13.65,16.0,18.0,25.0
5972607123,2207,1619831139,4,5,21,3.0,Abaddon,radiant,True,0.4,5.9,7.6,13.9,16.0,18.0,25.0
5974850582,2938,1619948815,4,3,7,1.0,Abaddon,radiant,False,0.4,5.8,7.25,13.9,16.0,18.0,25.0
5975017816,2371,1619956489,3,11,19,2.0,Lich,dire,True,0.4,5.8,7.4,13.75,16.0,18.0,25.0
5975098030,2680,1619959716,3,7,9,2.0,Chaos Knight,radiant,True,0.4,5.75,7.6,13.6,16.0,18.0,25.0
5976693812,1974,1620044255,6,9,14,1.0,Bounty Hunter,radiant,False,0.4,6.0,7.5,14.05,16.0,18.0,25.0
5977581055,2703,1620077587,1,9,14,,Bounty Hunter,dire,False,0.4,5.7,7.3,13.7,16.0,18.0,25.0
5977941519,2939,1620106149,3,10,11,2.0,Lich,dire,False,0.35,5.05,7.55,13.6,14.0,18.0,25.0
5981502089,2228,1620306312,13,3,20,1.0,Lich,dire,True,0.35,5.4,7.35,13.35,14.0,18.0,23.0
5982208784,2576,1620339617,4,8,18,1.0,Abaddon,radiant,True,0.35,5.4,7.45,13.35,14.0,18.0,23.0
5982310249,2559,1620349152,4,13,20,1.0,Lich,dire,False,0.35,5.45,7.75,13.75,14.0,18.0,23.0
5982984797,3177,1620392427,16,7,22,4.0,Chaos Knight,dire,True,0.35,6.0,7.75,13.7,16.0,18.0,22.0
5984032882,3053,1620451717,4,14,17,1.0,Razor,radiant,False,0.35,5.65,8.05,14.1,16.0,18.0,22.0
5985749700,3100,1620540354,7,11,18,2.0,Abaddon,dire,True,0.4,5.7,7.7,14.0,16.0,14.0,22.0
5986274915,2990,1620563866,3,9,18,2.0,Abaddon,dire,False,0.35,5.15,8.1,14.65,16.0,14.0,22.0
5988520694,2577,1620683631,2,4,11,1.0,Lich,dire,True,0.4,5.2,7.9,14.65,16.0,14.0,22.0
5988802231,1767,1620709428,6,2,12,1.0,Abaddon,radiant,True,0.45,5.15,7.7,14.6,16.0,14.0,22.0
5988829971,1824,1620711607,1,9,18,2.0,Bounty Hunter,radiant,True,0.5,5.1,7.9,15.45,16.0,14.0,22.0
5989968503,2582,1620772578,5,3,26,1.0,Lich,dire,True,0.55,5.15,7.5,16.1,16.0,14.0,26.0
5990025293,2609,1620778923,10,9,5,1.0,Phantom Lancer,dire,False,0.55,5.25,7.7,15.75,16.0,14.0,26.0
5992050100,2135,1620906498,2,8,1,3.0,Chaos Knight,dire,False,0.55,5.05,7.7,15.05,16.0,14.0,26.0
5993534693,1787,1620994342,6,3,7,3.0,Phantom Lancer,radiant,True,0.55,5.15,7.6,14.35,16.0,14.0,26.0
5993588204,2648,1620996562,5,10,21,3.0,Abaddon,dire,True,0.6,5.2,7.95,15.05,16.0,14.0,26.0
5994668066,2302,1621053166,13,2,22,1.0,Abaddon,dire,True,0.6,5.7,7.5,15.2,16.0,14.0,26.0
5994712459,2153,1621055820,2,10,12,2.0,Abaddon,radiant,False,0.55,5.65,7.65,15.35,16.0,14.0,26.0
5995378656,2390,1621085900,8,7,24,3.0,Razor,dire,True,0.6,5.75,7.55,15.85,16.0,14.0,26.0
5996979151,2892,1621166073,9,13,15,3.0,Razor,radiant,False,0.6,6.15,7.75,15.9,16.0,14.0,26.0
5998440578,3139,1621252224,6,10,11,1.0,Razor,dire,False,0.6,6.3,7.75,15.9,16.0,14.0,26.0
5999284883,2264,1621296237,2,5,14,2.0,Abaddon,dire,True,0.6,5.75,7.85,15.6,16.0,14.0,26.0
5999314784,2776,1621299550,6,2,15,1.0,Abaddon,dire,True,0.6,5.85,7.55,15.45,16.0,14.0,26.0
5999437439,2176,1621310472,4,6,19,2.0,Razor,radiant,True,0.65,5.85,7.2,15.4,16.0,14.0,26.0
5999470421,1946,1621313132,14,4,20,2.0,Abaddon,dire,True,0.65,5.75,7.05,15.3,14.0,14.0,26.0
5999505760,2629,1621315984,10,8,16,1.0,Razor,radiant,False,0.65,6.05,6.75,15.25,14.0,13.0,26.0
6000608788,1957,1621374353,2,7,13,1.0,Lich,dire,False,0.6,5.8,6.55,15.0,14.0,13.0,26.0
6001208420,2476,1621422571,5,8,18,5.0,Abaddon,dire,True,0.65,5.9,6.5,15.0,14.0,13.0,26.0
6001271854,2542,1621425712,5,9,11,3.0,Razor,radiant,False,0.6,6.05,6.75,15.0,14.0,13.0,26.0
6002738046,1876,1621513964,0,6,15,1.0,Abaddon,dire,True,0.6,5.75,6.95,15.15,14.0,13.0,26.0
6002793866,3139,1621516225,14,6,10,1.0,Chaos Knight,dire,True,0.6,6.4,6.8,14.75,14.0,13.0,26.0
6005848583,380,1621688261,1,1,1,2.0,Lich,dire,True,0.6,6.2,6.7,13.5,14.0,13.0,24.0
6005870483,2994,1621689037,1,14,6,2.0,Crystal Maiden,radiant,False,0.6,5.75,6.95,13.55,14.0,14.0,24.0
6006000103,2215,1621693401,4,5,12,1.0,Crystal Maiden,dire,True,0.65,5.85,6.8,14.1,14.0,14.0,24.0
6006751246,1840,1621731929,1,5,17,1.0,Crystal Maiden,radiant,True,0.65,5.6,6.9,14.6,14.0,14.0,24.0
6006786343,2983,1621734861,2,12,11,1.0,Crystal Maiden,radiant,True,0.65,5.45,7.0,14.1,14.0,14.0,24.0
6009904791,2546,1621898546,2,16,13,1.0,Crystal Maiden,radiant,False,0.6,4.9,7.7,13.65,14.0,16.0,24.0
6010064395,2271,1621914071,2,9,8,1.0,Abaddon,dire,False,0.6,4.9,7.65,13.45,14.0,16.0,24.0
6010097311,3571,1621916815,2,11,25,2.0,Ogre Magi,radiant,True,0.6,4.6,7.85,13.5,14.0,16.0,25.0
6010484039,2486,1621942203,0,12,10,2.0,Crystal Maiden,radiant,False,0.6,4.15,7.8,13.25,14.0,16.0,25.0
6010559314,2708,1621945528,2,6,16,1.0,Abaddon,dire,False,0.6,3.95,7.6,13.5,14.0,16.0,25.0
6011336748,1817,1621980466,3,7,21,1.0,Crystal Maiden,radiant,True,0.6,4.0,7.7,13.85,14.0,16.0,25.0
6012057814,2222,1622031880,2,12,16,4.0,Crystal Maiden,radiant,False,0.55,3.8,8.2,13.9,14.0,16.0,25.0
6013159494,3355,1622096380,9,13,24,1.0,Lich,dire,True,0.55,4.05,8.55,14.15,14.0,16.0,25.0
6014582757,3122,1622176842,13,6,6,1.0,Abaddon,radiant,False,0.5,4.0,8.65,13.45,14.0,16.0,25.0
6015072258,1919,1622205584,4,14,7,4.0,Razor,dire,False,0.5,3.7,8.95,13.0,14.0,16.0,25.0
6015135124,3456,1622207920,0,11,23,4.0,Abaddon,radiant,False,0.5,3.6,9.15,13.5,14.0,16.0,25.0
6016097977,1747,1622258067,7,2,1,2.0,Phantom Lancer,radiant,True,0.5,3.7,8.85,12.65,14.0,16.0,25.0
6016141966,1928,1622260937,5,6,13,1.0,Chaos Knight,radiant,True,0.55,3.7,8.7,12.75,14.0,16.0,25.0
6016707356,3330,1622289264,0,13,8,2.0,Crystal Maiden,radiant,False,0.5,3.7,9.05,12.4,14.0,16.0,25.0
6019378164,1934,1622410584,13,1,11,1.0,Abaddon,radiant,True,0.5,3.65,8.8,12.45,13.0,16.0,25.0
6019687198,2280,1622437694,6,11,10,3.0,Lich,radiant,False,0.45,3.9,9.3,12.9,13.0,16.0,25.0
6021053728,2670,1622509201,1,11,27,1.0,Crystal Maiden,radiant,True,0.5,3.9,9.15,13.95,13.0,16.0,27.0
6021181222,2368,1622520099,3,5,16,2.0,Lich,radiant,True,0.5,3.85,9.15,14.15,13.0,16.0,27.0
6021220091,2347,1622523065,22,7,22,1.0,Abaddon,dire,True,0.5,4.9,9.25,14.4,22.0,16.0,27.0
6021285366,4227,1622527930,2,12,18,2.0,Ogre Magi,dire,False,0.45,4.9,9.25,14.75,22.0,16.0,27.0
6021613984,2106,1622546867,3,4,14,2.0,Abaddon,radiant,True,0.5,4.95,8.65,14.8,22.0,14.0,27.0
6021678107,2435,1622549632,1,11,9,2.0,Lich,radiant,True,0.55,4.9,8.75,14.85,22.0,14.0,27.0
6022461296,2061,1622583815,10,5,21,1.0,Abaddon,radiant,True,0.55,5.3,8.45,14.65,22.0,14.0,27.0
6022587370,3413,1622597252,10,15,34,1.0,Lich,dire,True,0.6,5.8,8.6,15.85,22.0,15.0,34.0
6023110437,2815,1622633094,0,11,22,2.0,Bounty Hunter,dire,True,0.65,5.7,8.85,16.15,22.0,15.0,34.0
6023190934,1559,1622636922,0,7,2,2.0,Abaddon,radiant,False,0.6,5.55,8.85,15.2,22.0,15.0,34.0
6023902717,2911,1622669309,4,12,26,1.0,Lich,dire,False,0.6,5.65,8.85,15.7,22.0,15.0,34.0
6024131515,1682,1622690565,0,10,6,3.0,Ogre Magi,dire,False,0.55,5.2,8.7,14.8,22.0,15.0,34.0
6024160373,2275,1622692900,0,4,18,3.0,Ogre Magi,dire,True,0.6,4.55,8.6,15.4,22.0,15.0,34.0
6026040127,2065,1622805625,2,11,2,4.0,Abaddon,radiant,False,0.6,4.45,8.45,15.15,22.0,15.0,34.0
6026100569,2963,1622808510,7,7,17,3.0,Shadow Demon,radiant,True,0.65,4.8,8.25,14.85,22.0,15.0,34.0
6027256912,3316,1622870766,20,8,17,1.0,Chaos Knight,dire,False,0.6,5.45,8.55,15.65,22.0,15.0,34.0
6029011129,2531,1622959232,1,11,11,3.0,Bounty Hunter,dire,False,0.55,5.25,8.8,15.55,22.0,15.0,34.0
6029405135,2180,1622976540,1,10,14,3.0,Shadow Demon,radiant,False,0.55,5.3,8.65,15.85,22.0,15.0,34.0
6029467431,4441,1622979186,1,14,31,1.0,Abaddon,dire,False,0.5,4.7,9.3,16.85,22.0,15.0,34.0
6030329794,1580,1623016475,0,5,17,1.0,Crystal Maiden,radiant,True,0.55,4.4,9.0,17.2,22.0,15.0,34.0
6030643921,3160,1623044290,3,11,13,2.0,Lich,radiant,False,0.5,4.5,9.0,16.5,22.0,15.0,34.0
6032471858,2214,1623154125,5,7,16,2.0,Lich,radiant,False,0.45,4.6,9.1,16.5,22.0,15.0,34.0
6033910841,2156,1623239047,2,11,7,4.0,Lich,radiant,False,0.4,3.6,9.3,15.75,20.0,15.0,34.0
6034789669,2101,1623287274,2,5,12,4.0,Abaddon,dire,False,0.4,3.6,8.95,15.45,20.0,15.0,34.0
6035013795,1612,1623306110,2,1,13,5.0,Abaddon,dire,True,0.4,3.55,8.8,15.4,20.0,15.0,34.0
6035045820,1822,1623308531,3,4,9,5.0,Abaddon,radiant,True,0.4,3.65,8.45,15.4,20.0,15.0,34.0
6036075990,2669,1623361039,16,6,14,1.0,Abaddon,radiant,True,0.4,3.95,8.5,15.05,20.0,15.0,34.0
6036777555,2508,1623413844,4,6,19,4.0,Abaddon,radiant,True,0.4,3.65,8.05,14.3,20.0,14.0,31.0
6036853443,2447,1623417017,16,12,10,4.0,Chaos Knight,radiant,False,0.35,4.45,8.1,13.7,20.0,14.0,31.0
6037906154,1405,1623477348,0,5,0,4.0,Phantom Lancer,radiant,False,0.35,4.45,8.0,13.6,20.0,14.0,31.0
6037943436,2361,1623479465,8,3,20,3.0,Abaddon,dire,True,0.4,4.65,7.55,13.3,20.0,14.0,31.0
6038380759,2013,1623500890,3,4,18,5.0,Abaddon,radiant,True,0.45,4.8,7.25,13.9,20.0,14.0,31.0
6038441697,2606,1623503322,4,7,22,5.0,Abaddon,dire,True,0.45,5.0,7.4,14.1,20.0,14.0,31.0
6040000444,2406,1623585007,14,3,5,5.0,Chaos Knight,radiant,True,0.5,5.6,7.0,14.25,20.0,14.0,31.0
6041438362,2918,1623663130,10,15,17,3.0,Chaos Knight,dire,False,0.45,5.75,7.4,14.25,20.0,15.0,31.0
6041510654,3407,1623666717,0,13,19,5.0,Abaddon,radiant,False,0.45,4.75,7.65,14.35,16.0,15.0,31.0
6042392139,2188,1623705663,3,12,7,1.0,Crystal Maiden,dire,False,0.45,4.85,7.7,14.15,16.0,15.0,31.0
6042532918,2575,1623719307,2,7,11,2.0,Abaddon,radiant,False,0.45,4.9,7.55,14.0,16.0,15.0,31.0
6044529189,2555,1623844085,7,6,14,2.0,Shadow Demon,radiant,True,0.5,5.2,7.15,13.15,16.0,15.0,22.0
6045280657,3148,1623879240,4,10,21,1.0,Lich,dire,True,0.5,5.4,7.4,13.35,16.0,15.0,22.0
6045534701,2383,1623903270,8,7,29,1.0,Lich,dire,True,0.55,5.65,7.2,14.15,16.0,15.0,29.0
6046711839,2450,1623967179,4,11,12,1.0,Abaddon,dire,False,0.55,5.6,7.4,13.95,16.0,15.0,29.0
6048480205,2066,1624079932,2,11,7,1.0,Lich,radiant,False,0.55,5.6,7.4,13.95,16.0,15.0,29.0
6048525281,3418,1624082704,5,4,11,4.0,Abaddon,radiant,True,0.6,5.75,7.35,13.9,16.0,15.0,29.0
6050811215,2831,1624196600,22,6,10,1.0,Chaos Knight,radiant,True,0.6,6.75,7.6,13.75,22.0,15.0,29.0
6051427505,3685,1624225275,6,17,29,1.0,Shadow Demon,dire,True,0.6,6.9,8.25,14.75,22.0,17.0,29.0
6053055166,2514,1624330655,0,13,15,1.0,Crystal Maiden,dire,True,0.6,6.1,8.6,14.8,22.0,17.0,29.0
6053118721,2683,1624336055,5,11,13,1.0,Lich,radiant,False,0.55,6.15,8.85,14.5,22.0,17.0,29.0
6053563321,2283,1624364102,4,6,10,1.0,Abaddon,radiant,False,0.55,5.55,8.55,14.5,22.0,17.0,29.0
6055709409,3183,1624484197,5,11,22,1.0,Ogre Magi,dire,True,0.6,5.8,8.85,15.6,22.0,17.0,29.0
6058084204,1849,1624623367,7,3,28,5.0,Abaddon,radiant,True,0.6,5.75,8.85,16.0,22.0,17.0,29.0
6058159538,2633,1624626149,13,11,9,5.0,Chaos Knight,dire,False,0.55,6.25,9.2,15.55,22.0,17.0,29.0
6061045495,1956,1624766915,2,15,4,1.0,Razor,radiant,False,0.5,6.15,9.6,14.65,22.0,17.0,29.0
6061621820,2513,1624792247,4,1,12,2.0,Abaddon,radiant,True,0.5,5.65,9.5,15.0,22.0,17.0,29.0
6061706267,2650,1624795384,8,5,34,2.0,Crystal Maiden,radiant,True,0.55,5.55,9.0,15.85,22.0,17.0,34.0
6061799324,2846,1624798506,4,8,28,1.0,Crystal Maiden,dire,True,0.6,5.75,8.75,16.3,22.0,17.0,34.0
6064179046,2571,1624916341,2,10,18,1.0,Crystal Maiden,dire,True,0.65,5.7,8.65,16.85,22.0,17.0,34.0
6064493671,2271,1624942322,1,5,16,1.0,Abaddon,radiant,True,0.7,5.65,8.55,17.1,22.0,17.0,34.0
6067304432,4311,1625091785,5,18,18,1.0,Crystal Maiden,radiant,False,0.65,5.55,9.15,17.3,22.0,18.0,34.0
6069120247,2749,1625202952,7,7,13,,Chaos Knight,radiant,True,0.65,5.7,9.0,16.9,22.0,18.0,34.0
6069164690,2464,1625206249,7,5,4,5.0,Abaddon,radiant,False,0.6,5.65,8.9,15.65,22.0,18.0,34.0
6070694882,2488,1625288924,3,4,11,1.0,Abaddon,radiant,True,0.65,5.6,8.55,15.6,22.0,18.0,34.0
6073133592,2493,1625405075,2,11,15,1.0,Abaddon,dire,False,0.65,5.6,8.55,16.0,22.0,18.0,34.0
6073846468,3678,1625435510,5,9,38,1.0,Lich,radiant,True,0.65,5.6,8.8,17.35,22.0,18.0,38.0
6074146414,2799,1625461513,4,10,24,4.0,Abaddon,radiant,True,0.65,4.7,9.0,18.05,13.0,18.0,38.0
6074217989,2502,1625466992,1,7,12,4.0,Abaddon,radiant,False,0.6,4.45,8.5,17.2,13.0,18.0,38.0
6074481308,2162,1625482826,3,12,3,5.0,Sven,dire,False,0.55,4.6,8.45,16.6,13.0,18.0,38.0
6074532814,3044,1625485315,13,11,12,5.0,Chaos Knight,dire,True,0.6,5.0,8.45,16.55,13.0,18.0,38.0
6075424529,2399,1625524802,13,4,25,1.0,Abaddon,radiant,True,0.65,5.45,8.35,17.3,13.0,18.0,38.0
6075646517,2934,1625545436,2,15,8,1.0,Lich,dire,False,0.6,5.3,8.55,16.6,13.0,18.0,38.0
6076912413,2550,1625614031,2,15,4,1.0,Lich,radiant,False,0.55,5.05,9.15,15.4,13.0,18.0,38.0
6077131806,2342,1625634722,2,9,14,1.0,Lich,dire,True,0.6,4.5,9.05,15.65,13.0,18.0,38.0
6077170112,2847,1625637898,3,10,20,1.0,Abaddon,radiant,False,0.6,4.55,8.8,16.45,13.0,18.0,38.0
6077470264,2907,1625657214,15,6,14,2.0,Abaddon,dire,True,0.6,5.1,9.05,16.55,15.0,18.0,38.0
6078431000,2287,1625708839,2,9,5,5.0,Dragon Knight,dire,False,0.55,4.8,9.25,15.1,15.0,18.0,38.0
6079976035,2422,1625805611,1,0,1,4.0,Abaddon,dire,True,0.55,4.65,8.85,13.75,15.0,18.0,38.0
6079995414,2740,1625807185,6,5,22,4.0,Dragon Knight,dire,True,0.55,4.85,8.6,13.95,15.0,18.0,38.0
6081307698,2532,1625879645,8,7,19,2.0,Lich,radiant,False,0.5,5.2,8.7,14.1,15.0,18.0,38.0
6082904351,2316,1625965702,5,3,19,2.0,Abaddon,dire,True,0.55,5.2,7.95,14.15,15.0,15.0,38.0
6082940359,1548,1625969000,3,0,9,3.0,Abaddon,dire,True,0.55,5.0,7.6,13.95,15.0,15.0,38.0
6083590516,2455,1626002411,4,9,12,5.0,Dragon Knight,dire,False,0.55,4.85,7.8,14.35,15.0,15.0,38.0
6083663443,2214,1626005342,4,5,18,3.0,Abaddon,dire,True,0.55,4.9,7.85,14.7,15.0,15.0,38.0
6084648751,3672,1626057555,13,10,19,2.0,Phantom Lancer,radiant,True,0.6,5.45,7.8,14.9,15.0,15.0,38.0
6084784796,2613,1626068977,4,6,21,3.0,Lich,radiant,True,0.6,5.4,7.65,14.05,15.0,15.0,25.0
6084823433,1927,1626072010,2,9,10,3.0,Dragon Knight,radiant,False,0.55,5.3,7.6,13.35,15.0,15.0,25.0
6085883552,1898,1626125278,11,5,9,1.0,Chaos Knight,dire,True,0.6,5.8,7.5,13.2,15.0,15.0,25.0
6086025478,2534,1626138333,15,4,8,1.0,Chaos Knight,radiant,True,0.65,6.4,7.1,13.45,15.0,15.0,25.0
6087996940,2663,1626262805,1,11,12,5.0,Abaddon,dire,False,0.6,5.8,7.1,13.45,15.0,15.0,25.0
6089031095,3109,1626321950,17,10,16,5.0,Chaos Knight,radiant,True,0.6,6.0,7.4,13.0,17.0,15.0,22.0
6089470816,2763,1626350461,6,12,32,2.0,Lich,radiant,True,0.65,6.2,7.25,14.2,17.0,15.0,32.0
6090242001,2790,1626384810,5,9,22,1.0,Lich,radiant,True,0.7,6.35,6.95,15.1,17.0,12.0,32.0
6090552470,1995,1626412686,1,14,2,5.0,Lina,dire,False,0.65,6.3,7.2,14.5,17.0,14.0,32.0
6090589705,2327,1626415604,5,8,18,3.0,Razor,radiant,True,0.7,6.4,7.1,14.4,17.0,14.0,32.0
6091003561,2870,1626439328,11,14,12,3.0,Lina,radiant,True,0.7,6.2,7.5,14.3,17.0,14.0,32.0
6092461957,1849,1626519400,6,6,9,3.0,Abaddon,dire,True,0.75,6.4,7.35,14.5,17.0,14.0,32.0
6092521344,3783,1626522148,9,13,18,3.0,Chaos Knight,dire,False,0.7,6.8,8.0,15.35,17.0,14.0,32.0
6093786404,3054,1626589062,2,15,12,1.0,Shadow Demon,radiant,False,0.65,6.6,8.5,14.85,17.0,15.0,32.0
6094208920,1878,1626608403,3,2,16,3.0,Chaos Knight,dire,True,0.7,6.35,8.25,14.7,17.0,15.0,32.0
6094267482,2129,1626610748,1,8,7,3.0,Crystal Maiden,dire,False,0.65,6.15,8.5,14.1,17.0,15.0,32.0
6095042234,2001,1626644843,4,3,21,1.0,Abaddon,dire,True,0.65,6.2,8.65,14.7,17.0,15.0,32.0
6096483250,2963,1626730017,0,9,17,1.0,Abaddon,dire,True,0.7,6.0,8.65,14.95,17.0,15.0,32.0
6096731847,1938,1626752800,1,9,15,2.0,Crystal Maiden,dire,True,0.7,5.85,8.85,14.8,17.0,15.0,32.0
6096781331,3096,1626756715,3,9,20,4.0,Lich,dire,False,0.65,5.35,8.8,14.85,17.0,15.0,32.0
6097121715,2313,1626778231,2,4,22,4.0,Lich,dire,True,0.65,5.25,8.7,14.9,17.0,15.0,32.0
6097180248,2388,1626781169,1,7,20,5.0,Abaddon,dire,True,0.7,5.2,8.6,15.4,17.0,15.0,32.0
6098322831,3037,1626849286,7,10,11,3.0,Chaos Knight,dire,False,0.65,5.0,8.85,15.5,17.0,15.0,32.0
6099379379,2046,1626903089,0,6,15,1.0,Crystal Maiden,radiant,True,0.65,4.25,8.95,15.85,17.0,15.0,32.0
6099730319,2299,1626935196,0,6,11,1.0,Abaddon,radiant,False,0.65,4.2,8.7,15.8,17.0,15.0,32.0
6100866831,2689,1626996550,6,12,13,2.0,Lina,dire,False,0.6,3.65,8.8,15.65,11.0,15.0,32.0
6101055084,3077,1627015015,11,5,14,3.0,Chaos Knight,dire,True,0.6,3.9,8.45,14.75,11.0,15.0,22.0
6103027581,2628,1627126963,1,6,18,3.0,Lich,radiant,True,0.6,3.7,8.3,14.55,11.0,15.0,22.0
6103135647,3103,1627131417,5,8,9,5.0,Chaos Knight,dire,False,0.6,3.9,8.0,14.9,11.0,15.0,22.0
6104159072,2029,1627186307,4,10,6,4.0,Bounty Hunter,radiant,False,0.55,3.85,8.1,14.3,11.0,15.0,22.0
6104199025,2193,1627188777,5,11,10,5.0,Chaos Knight,radiant,False,0.5,3.55,7.95,14.2,11.0,15.0,22.0
6107025084,3396,1627337025,9,12,37,1.0,Lich,dire,True,0.5,3.7,8.25,15.6,11.0,15.0,37.0
6107317595,2466,1627363692,2,7,22,3.0,Abaddon,radiant,True,0.55,3.35,7.95,15.8,11.0,15.0,37.0
6107362080,2954,1627367194,5,8,12,2.0,Abaddon,dire,False,0.55,3.5,7.6,15.8,11.0,12.0,37.0
6107654500,2489,1627385215,8,5,17,5.0,Abaddon,radiant,True,0.55,3.75,7.75,15.85,11.0,12.0,37.0
6111393134,1852,1627594089,8,1,7,1.0,Bounty Hunter,dire,True,0.6,4.1,7.4,15.85,11.0,12.0,37.0
6111999320,2560,1627641899,7,9,12,2.0,Lich,dire,False,0.55,4.25,7.7,15.4,11.0,12.0,37.0
6112059701,1828,1627645013,6,1,9,2.0,Abaddon,radiant,True,0.55,4.55,7.3,15.0,11.0,12.0,37.0
6113243182,2745,1627708755,12,3,18,2.0,Abaddon,radiant,False,0.5,5.1,7.0,15.15,12.0,12.0,37.0
6113297746,1968,1627712073,7,5,11,3.0,Bounty Hunter,radiant,True,0.55,5.3,6.8,14.7,12.0,12.0,37.0
6115421467,2236,1627818927,26,3,15,4.0,Chaos Knight,radiant,True,0.55,6.5,6.75,14.35,26.0,12.0,37.0
6115495936,3137,1627821809,10,9,7,4.0,Phantom Lancer,dire,False,0.5,6.95,6.85,13.7,26.0,12.0,37.0
6117667518,3076,1627940303,3,11,24,1.0,Lich,dire,True,0.55,6.75,6.9,14.35,26.0,12.0,37.0
6117894126,1918,1627961781,3,9,7,1.0,Abaddon,dire,False,0.5,6.9,7.05,13.95,26.0,12.0,37.0
6118321328,2162,1627990564,6,9,11,4.0,Bounty Hunter,radiant,True,0.55,7.2,7.2,13.95,26.0,12.0,37.0
6119085538,3057,1628026163,7,7,25,1.0,Abaddon,dire,True,0.6,7.25,6.95,14.55,26.0,12.0,37.0
6119871293,3320,1628082794,5,8,19,3.0,Abaddon,dire,True,0.6,6.95,7.1,14.8,26.0,12.0,37.0
6120517952,1894,1628115454,10,3,23,1.0,Bounty Hunter,radiant,True,0.6,7.4,6.95,15.05,26.0,12.0,37.0
6120732153,2745,1628136241,3,9,22,3.0,Bounty Hunter,dire,False,0.6,7.3,7.0,15.7,26.0,12.0,37.0
6122536948,2372,1628249021,2,5,8,4.0,Bounty Hunter,radiant,False,0.6,7.2,6.75,15.8,26.0,12.0,37.0
6122602839,1478,1628252121,2,3,12,5.0,Abaddon,radiant,True,0.65,7.05,6.35,15.9,26.0,12.0,37.0
6123669019,2273,1628309108,4,9,17,2.0,Lich,dire,False,0.6,6.8,6.2,14.9,26.0,11.0,25.0
6123732779,3077,1628313262,6,9,11,5.0,Dragon Knight,radiant,False,0.55,7.0,6.3,14.35,26.0,11.0,25.0
6124271455,3397,1628339672,2,10,7,5.0,Bounty Hunter,radiant,False,0.55,6.85,6.4,14.1,26.0,11.0,25.0
6125859825,2861,1628421057,0,13,15,3.0,Earthshaker,dire,False,0.5,6.45,6.8,14.0,26.0,13.0,25.0
6125991180,2482,1628426259,13,6,7,2.0,Chaos Knight,radiant,True,0.5,6.7,7.05,14.0,26.0,13.0,25.0
6126741910,2212,1628459179,2,9,12,1.0,Crystal Maiden,radiant,False,0.5,6.45,7.05,14.0,26.0,13.0,25.0
6127501416,2764,1628513129,5,6,22,2.0,Abaddon,radiant,True,0.5,6.4,7.3,14.65,26.0,13.0,25.0
6127586838,1928,1628516295,14,5,10,2.0,Chaos Knight,radiant,True,0.55,6.5,7.4,14.25,26.0,13.0,25.0
6128185880,3089,1628544413,9,8,18,1.0,Bounty Hunter,radiant,True,0.55,6.6,7.55,14.6,26.0,13.0,25.0
6128344148,3530,1628559674,8,13,15,2.0,Chaos Knight,radiant,False,0.5,5.7,8.05,14.6,14.0,13.0,25.0
6129622613,2721,1628631240,4,7,23,1.0,Bounty Hunter,dire,True,0.55,5.4,7.95,15.4,14.0,13.0,25.0
6129930594,3215,1628659470,14,9,13,4.0,Bounty Hunter,dire,False,0.5,5.95,7.85,14.85,14.0,13.0,25.0
6130227393,3488,1628679041,3,11,10,3.0,Bounty Hunter,radiant,False,0.5,5.95,7.95,15.0,14.0,13.0,25.0
6130305670,2360,1628682915,17,3,14,5.0,Phantom Lancer,radiant,True,0.5,6.5,7.65,15.15,17.0,13.0,25.0
6132509553,2217,1628803837,7,6,6,1.0,Abaddon,radiant,True,0.5,6.5,7.6,14.2,17.0,13.0,23.0
